recipient_name,total_obligated_amount,Country,Address,County,City,State,Zip4 Code
"THE GEO GROUP, INC.",1285342369,USA,4955 TECHNOLOGY WAY,BOCA RATON,PALM BEACH,FL,334313367
"MVM, INC.",984933847.9,USA,44620 GUILFORD DR STE 150,ASHBURN,LOUDOUN,VA,201476063
B.I. INCORPORATED,918975237.5,USA,6265 GUNBARREL AVE STE B,BOULDER,BOULDER,CO,803015318
CLASSIC AIR CHARTER INC.,800164136.9,USA,3200 N RIVERSIDE DR,INDIALANTIC,BREVARD,FL,329034407
"CSI AVIATION, INC",588496544,USA,6006 REESE CREEK RD,KILLEEN,BELL,TX,765497160
"AKIMA GLOBAL SERVICES, LLC",434121758.4,USA,3901 OLD INTERNATIONAL AIRPORT RD STE 200-G,ANCHORAGE,ANCHORAGE,AK,99502
"CORECIVIC, INC.",416664253,USA,"5501 VIRGINIA WAY, STE 110",BRENTWOOD,WILLIAMSON,TN,370277684
PARAGON PROFESSIONAL SERVICES LLC,204507928.5,USA,3301 C ST,ANCHORAGE,ANCHORAGE,AK,995033958
INSERSO CORPORATION,199731260.7,USA,8180 GREENSBORO DR,MC LEAN,FAIRFAX,VA,221023878
DELOITTE CONSULTING LLP,190176446.2,USA,1919 N LYNN ST,ARLINGTON,ARLINGTON,VA,222091742
G4S SECURE SOLUTIONS (USA) INC.,160850516.8,USA,4200 WACKENHUT DR STE 100,PALM BEACH GARDENS,PALM BEACH,FL,334104243
"CACI, INC. - FEDERAL",155707924.8,USA,14370 NEWBROOK DRIVE,CHANTILLY,FAIRFAX,VA,201514206
BOOZ ALLEN HAMILTON INC,133699784.9,USA,8283 GREENSBORO DR,MC LEAN,FAIRFAX,VA,221023830
PALANTIR TECHNOLOGIES INC.,132893529.3,USA,100 HAMILTON AVE STE 300,PALO ALTO,SANTA CLARA,CA,943011651
"FAMILY ENDEAVORS, INC.",131385874.7,USA,6363 DE ZAVALA RD STE 200,SAN ANTONIO,BEXAR,TX,782492104
AKIMA INFRASTRUCTURE PROTECTION LLC,128080879.5,USA,2553 DULLES VIEW DR STE 700,HERNDON,FAIRFAX,VA,201715228
CAPGEMINI GOVERNMENT SOLUTIONS LLC,125325140.8,USA,1900 CAMPUS COMMONS DR #250,RESTON,FAIRFAX,VA,201911560
"STEAMPUNK, INC.",120961821.5,USA,1753 PINNACLE DR STE 900,MCLEAN,FAIRFAX,VA,221023844
"THE KACE COMPANY, LLC.",117932392.1,USA,44620 GUILFORD DR STE 150,ASHBURN,LOUDOUN,VA,201476063
"GENERAL DYNAMICS INFORMATION TECHNOLOGY, INC.",108973297.1,USA,3150 FAIRVIEW PARK DR STE 100,FALLS CHURCH,FAIRFAX,VA,220424504
"FOUR POINTS TECHNOLOGY, L.L.C.",103242419.2,USA,13221 WOODLAND PARK RD,HERNDON,FAIRFAX,VA,201715505
TRIBALCO LLC,97215506.68,USA,7735 OLD GEORGETOWN RD FL 12,BETHESDA,MONTGOMERY,MD,208146193
"CACI NSS, LLC",93793572.25,USA,12021 SUNSET HILLS RD,RESTON,FAIRFAX,VA,201905854
FCN INC,90238774.55,USA,12501 ARDENNES AVE STE 101,ROCKVILLE,MONTGOMERY,MD,208521741
WIDEPOINT INTEGRATED SOLUTIONS CORP,90070318.97,USA,11250 WAPLES MILL RD STE 210,FAIRFAX,FAIRFAX,VA,220307400
MANAGEMENT & TRAINING CORPORATION,89390076.87,USA,500 N MARKET PL DR STE 100,CENTERVILLE,DAVIS,UT,840141711
DEV TECHNOLOGY GROUP INC,85975522.94,USA,11440 COMMERCE PARK DRIVE,RESTON,FAIRFAX,VA,201911544
"CACI-ISS, LLC",85715112.73,USA,14370 NEWBROOK DRIVE,CHANTILLY,FAIRFAX,VA,201512218
"PROCENTRIX, LLC",83024967.66,USA,2551 DULLES VIEW DR STE 600,HERNDON,FAIRFAX,VA,201716502
"SAVANTAGE FINANCIAL SERVICES, INC.",70920526.75,USA,2101 GAITHER RD STE 350,ROCKVILLE,MONTGOMERY,MD,208504074
"MOTOROLA SOLUTIONS, INC.",63465439.65,USA,809 PINNACLE DR STE G,LINTHICUM HEIGHTS,ANNE ARUNDEL,MD,210902535
"HARMONIA HOLDINGS GROUP, LLC",62679763.92,USA,2020 KRAFT DR STE 2400,BLACKSBURG,MONTGOMERY,VA,240606569
"ITC FEDERAL, LLC",61928618.25,USA,4114 LEGATO RD,FAIRFAX,FAIRFAX,VA,220334057
NATIVE ENERGY & TECHNOLOGY INC,60769027.39,USA,12830 COGBURN,SAN ANTONIO,BEXAR,TX,782492230
"AIRCRAFT TRANSPORT SERVICES, INC.",55135016.45,USA,4285 SW MARTIN HWY,PALM CITY,MARTIN,FL,349908615
DELL FEDERAL SYSTEMS L.P,53330095.19,USA,1 DELL WAY,ROUND ROCK,WILLIAMSON,TX,786827000
ACUITY INC,52965156.3,USA,11710 PLAZA AMERICA DR STE 700,RESTON,FAIRFAX,VA,201904773
CHENEGA FACILITIES MANAGEMENT LLC,51590814.6,USA,5726 W HAUSMAN RD STE 100,SAN ANTONIO,BEXAR,TX,782491651
GUIDEHOUSE INC.,49249466.12,USA,1676 INTERNATIONAL DR STE 800,MC LEAN,FAIRFAX,VA,221023600
"ALETHIX, LLC",46705748.4,USA,1430 SPRING HILL RD STE 200,MC LEAN,FAIRFAX,VA,221023013
PRICE MODERN LLC,45867273.32,USA,2604 SISSON ST,BALTIMORE,BALTIMORE (CITY),MD,212113101
ACCENTURE FEDERAL SERVICES LLC,44264111.58,USA,800 NORTH GLEBE RD #300,ARLINGTON,ARLINGTON,VA,222031807
JSI TELECOM INC.,42462108.28,USA,15004 NORTHRIDGE DR # 100,CHANTILLY,FAIRFAX,VA,201513817
"INTEGRITYONE PARTNERS, INC.",42045608.17,USA,11325 RANDOM HILLS ROAD,FAIRFAX,FAIRFAX,VA,220306051
ALPHA OMEGA INTEGRATION LLC,39826166.54,USA,8150 LEESBURG PIKE STE 1010,VIENNA,FAIRFAX,VA,221822714
"SPECTRUM SECURITY SERVICES, INC.",39656944.83,USA,13967 HIGHWAY 94 STE 101,JAMUL,SAN DIEGO,CA,919353232
TALTON COMMUNICATIONS INC,38787485.02,USA,910 RAVENWOOD DR,SELMA,DALLAS,AL,367016723
"ANACAPA MICRO PRODUCTS, INC.",38612453.59,USA,1901 SOLAR DR STE 150,OXNARD,VENTURA,CA,930360630
"PANAMERICA COMPUTERS, INC.",38028005.66,USA,1386 BIG OAK RD,LURAY,PAGE,VA,228355233
CREDENCE MANAGEMENT SOLUTIONS LIMITED LIABILITY COMPANY,36071019.76,USA,8609 WESTWOOD CTR DR STE 300,VIENNA,FAIRFAX,VA,221827521
"AT&T ENTERPRISES, LLC",34351078.88,USA,7125 COLUMBIA GATEWAY,COLUMBIA,HOWARD,MD,210462552
"CREATIVE CORRECTIONS, LLC",33504752.78,USA,6675 CALDER AVE,BEAUMONT,JEFFERSON,TX,777066005
"DYNAMIS, INC.",33435187.31,USA,3130 FAIRVIEW PARK DR STE 300,FALLS CHURCH,FAIRFAX,VA,220424578
U.S. BANCORP,32450163.27,USA,800 NICOLLET MALL,MINNEAPOLIS,HENNEPIN,MN,554027000
ISS ACTION INC,32392183.29,USA,204 E MCKENZIE ST,PUNTA GORDA,CHARLOTTE,FL,339506073
"THUNDERCAT TECHNOLOGY, LLC",31737879.8,USA,1925 ISAAC NEWTON SQ STE 180,RESTON,FAIRFAX,VA,201905030
BLUE TECH INC.,31475937.93,USA,2251 SAN DIEGO AVE STE B155,SAN DIEGO,SAN DIEGO,CA,921102930
AHTNA SUPPORT & TRAINING SERVICES LLC,31406695.91,USA,110 W 38TH AVE STE 200D,ANCHORAGE,ANCHORAGE,AK,995035677
CHEVO CONSULTING LLC,31228267.56,USA,"2275 RESEARCH BLVD., STE 100",ROCKVILLE,MONTGOMERY,MD,208503340
VARIQ CORPORATION,30171225.41,USA,2600 TOWER OAKS BLVD STE 300,ROCKVILLE,MONTGOMERY,MD,208524246
THOMSON REUTERS SPECIAL SERVICES LLC,30124083.17,USA,1410 SPRING HILL ROAD,MCLEAN,FAIRFAX,VA,221023058
GRANT THORNTON LLP,30027688.59,USA,333 JOHN CARLYLE ST STE 500,ALEXANDRIA,ALEXANDRIA (CITY),VA,223145767
BOWHEAD MARINE SUPPORT SERVICES LLC,29452425.22,USA,1000 SHILOH RD,PLANO,COLLIN,TX,750747221
"ATLANTIC DIVING SUPPLY, INC.",29037424.76,USA,621 LYNNHAVEN PKWY,VIRGINIA BEACH,VIRGINIA BEACH (CITY),VA,234527383
AVER LLC,27884679.87,USA,10 G ST NE SUITE 600A,WASHINGTON,DISTRICT OF COLUMBIA,DC,200024213
"CHANGEIS, INC.",27432039.3,USA,1530 WILSON BLVD,ARLINGTON,ARLINGTON,VA,222092418
"LUKOS, LLC",27216245.02,USA,800 S HARBOUR ISLAND BLVD,TAMPA,HILLSBOROUGH,FL,336025709
"SALIENT CRGT, INC.",26535189.91,USA,4000 LEGATO RD STE 600,FAIRFAX,FAIRFAX,VA,220334055
"KCI-ACUITY, LLC",25649586.6,USA,202 CHURCH ST SE STE 313A,LEESBURG,LOUDOUN,VA,201753032
INTERNATIONAL ORGANIZATION FOR MIGRATION,25043629,USA,1752 N STREET NW STE 600,WASHINGTON,DISTRICT OF COLUMBIA,DC,200362908
PARSONS GOVERNMENT SERVICES INC.,24879152.81,USA,100 W WALNUT ST,PASADENA,LOS ANGELES,CA,911240001
THE MITRE CORPORATION,24284152.28,USA,7515 COLSHIRE DR,MC LEAN,FAIRFAX,VA,221027539
ADC LTD NM,24267747.64,USA,2100 AIR PARK RD SE STE 120,ALBUQUERQUE,BERNALILLO,NM,871063227
"PEN-LINK, LIMITED",24113937.87,USA,5936 VANDERVOORT DR,LINCOLN,LANCASTER,NE,685162305
"ACUITY INTERNATIONAL, LLC",23897388.49,USA,10701 PARKRIDGE BLVD,RESTON,FAIRFAX,VA,201914359
"GOVCIO, LLC",23342649.72,USA,101 CONSTITUTION AVE NW STE 100W,WASHINGTON,DISTRICT OF COLUMBIA,DC,200012153
LEXISNEXIS RISK SOLUTIONS INC,22132743,USA,1000 ALDERMAN DR,ALPHARETTA,FULTON,GA,300054101
IMMIXTECHNOLOGY INC,22119877.29,USA,8444 WESTPARK DR,MC LEAN,FAIRFAX,VA,221025112
"INTEGRATED SECURITY TECHNOLOGIES, INC",21867935.98,USA,520 HERNDON PKWY STE C,HERNDON,FAIRFAX,VA,201706218
PERATON RISK DECISION INC.,21624463.02,USA,1750 FOXTRAIL DR,LOVELAND,LARIMER,CO,805388834
LABORATORY CORPORATION OF AMERICA,21283701.6,USA,231 MAPLE AVE,BURLINGTON,ALAMANCE,NC,272155848
CELLEBRITE INC,21242844.98,USA,7 CAMPUS DR STE 210,PARSIPPANY,MORRIS,NJ,70544413
VISTA OUTDOOR SALES LLC,21199770.6,USA,1 VISTA WAY,ANOKA,ANOKA,MN,553036794
"JAVA PRODUCTIONS, INC.",20831089.35,USA,2270 KRAFT DR,BLACKSBURG,MONTGOMERY,VA,240606778
"THE ARORA GROUP, INC.",20573386.66,USA,903 RUSSELL AVE 4TH FL,GAITHERSBURG,MONTGOMERY,MD,208793282
"HAMILTON ENTERPRISES, LLC",20446064.17,USA,7233 HANOVER PKWY STE D,GREENBELT,PRINCE GEORGE'S,MD,207703600
"ICF INCORPORATED, L.L.C.",20183628.76,USA,1902 RESTON METRO PLAZA,RESTON,FAIRFAX,VA,201905231
AEEC-ARGENTYS LLC,19782911.86,USA,12 S SUMMIT AVE,GAITHERSBURG,MONTGOMERY,MD,208772089
"CHENEGA MISSION OPERATIONS, LLC",19522480.29,USA,5253 PRUE RD STE 230,SAN ANTONIO,BEXAR,TX,782491759
"INSIGHT TECHNOLOGY SOLUTIONS, LLC",19453435.29,USA,17251 MELFORD BLVD STE 100,BOWIE,PRINCE GEORGE'S,MD,207154436
"STELLA JV, LLC",19190801.7,USA,1712 CLUBHOUSE RD,RESTON,FAIRFAX,VA,201904596
"AXON ENTERPRISE, INC.",19165167.72,USA,"17800, NORTH 85TH STREET",SCOTTSDALE,MARICOPA,AZ,852556311
"MAVAGI ENTERPRISES, INC.",18411223.74,USA,5726 W HAUSMAN RD STE 115,SAN ANTONIO,BEXAR,TX,782491651
"AMAR HEALTH IT, LLC",18112012.26,USA,10511 BRADDOCK RD STE 1B,FAIRFAX,FAIRFAX,VA,220322251
KURRENT LOGIC LLC,17789943.18,USA,200 MASSACHUSETTS AVE NW STE 700,WASHINGTON,DISTRICT OF COLUMBIA,DC,200015654
DATA SYSTEMS ANALYSTS INC,17694143.42,USA,8 NESHAMINY INTERPLEX DR STE 209,FEASTERVILLE TREVOSE,BUCKS,PA,190536944
"AMERGIS HEALTHCARE STAFFING, INC.",17430030.73,USA,7227 LEE DEFOREST DR,COLUMBIA,HOWARD,MD,210463236
"EMERGENT, LLC",17129614.58,USA,4525 MAIN ST,VIRGINIA BEACH,VIRGINIA BEACH (CITY),VA,234623375
"INNOVATIVE CONSULTING & MANAGEMENT SERVICES, LLC",16264007.18,USA,100 LAKEFOREST BLVD STE 600,GAITHERSBURG,MONTGOMERY,MD,208776206
"SNAP, INC",15681734.69,USA,4080 LAFAYETTE CENTER DR,CHANTILLY,FAIRFAX,VA,201511252
ECLINICALWORKS LLC,15475080.81,USA,2 TECHNOLOGY DR,WESTBOROUGH,WORCESTER,MA,15811727
"XL ASSOCIATES, INC.",14296289.83,USA,8614 WESTWOOD CENTER DR STE 700,VIENNA,FAIRFAX,VA,221822264
"GEM TECHNOLOGY INTERNATIONAL, CORP",14123770.39,USA,2665 S BAYSHORE DR STE M103-6,MIAMI,MIAMI-DADE,FL,331335448
POTOMAC CENTER NORTH INC,14017769.39,USA,500 12TH ST SW,WASHINGTON,DISTRICT OF COLUMBIA,DC,200246121
AKIRA TECHNOLOGIES INC.,13947385.83,USA,10 G ST NE STE 710,WASHINGTON,DISTRICT OF COLUMBIA,DC,200024288
"HIGH PRAIRIE SERVICES, LLC",13689127.01,USA,601 PIERCE ST,OMAHA,DOUGLAS,NE,681083310
"EXCELLA, LLC",13256231.94,USA,2300 WILSON BLVD STE 600,ARLINGTON,ARLINGTON,VA,222015426
INGENESIS INC,13008709.17,USA,18756 STONE OAK PKWY,SAN ANTONIO,BEXAR,TX,782584354
LIONBRIDGE GLOBAL SOLUTIONS II INC.,12930208.59,USA,1050 WINTER ST STE 2300,WALTHAM,MIDDLESEX,MA,24511248
SERCO INC,12879841.27,USA,12930 WORLDGATE DR,HERNDON,FAIRFAX,VA,201706027
"CONCUR TECHNOLOGIES, INC.",12649858.07,USA,601 108TH AVE NE STE 1000,BELLEVUE,KING,WA,980044750
GLOBAL TECH INC.,12418335.86,USA,3103 N 10TH ST STE 200,ARLINGTON,ARLINGTON,VA,222012191
LEXISNEXIS SPECIAL SERVICES INC,11792924.84,USA,1150 18TH ST NW STE 250,WASHINGTON,DISTRICT OF COLUMBIA,DC,200363820
CELEEN LLC,11584479.87,USA,2 MATTS PATH,MASHANTUCKET,SOUTHEASTERN CONNECTICUT,CT,63383804
ENVISAGE TECHNOLOGIES LLC,11384761.56,USA,101 W KIRKWOOD AVE STE 200,BLOOMINGTON,MONROE,IN,474046132
LOGISTICS APPLICATIONS INC.,11374344.43,USA,2760 EISENHOWER AVE STE 202,ALEXANDRIA,ALEXANDRIA (CITY),VA,223144576
"THE NAKAMOTO GROUP, INC.",11294736.28,USA,3347 ECLIPSE DR,JEFFERSON,FREDERICK,MD,217557603
"MAGNET FORENSICS, LLC",11251649.45,USA,1011 MANSELL RD STE B,ROSWELL,FULTON,GA,300768850
RED CARROT INC,10515007.97,USA,520 BRICKELL KEY DRIVE SUITE O208,MIAMI,MIAMI-DADE,FL,331312619
ACEPEX MANAGEMENT CORPORATION,10473174.9,USA,2707 SATURN ST,BREA,ORANGE,CA,928216705
ERNST & YOUNG LLP,10354371.06,USA,5 TIMES SQ,NEW YORK,NEW YORK,NY,100366527
PERATON ENTERPRISE SOLUTIONS LLC,10338784.14,USA,13600 EDS DR A3S,HERNDON,FAIRFAX,VA,201713225
"NORTH EAST SOUTH WEST HEALTHCARE SOLUTIONS, LLC",10239209.24,USA,7927 JONES BRANCH DR,MC LEAN,FAIRFAX,VA,221023329
CHAINALYSIS INC.,10018993.07,USA,114 5TH AVE FL 18,NEW YORK,NEW YORK,NY,100115668
"DNI TREND JOINT VENTURES, LLC",9989601,USA,7060 S YALE AVE,TULSA,TULSA,OK,741365716
SATELLITE SERVICES INC,9435491.85,USA,309 S FRONT ST,MARQUETTE,MARQUETTE,MI,498554600
NORSEMAN INC,9275886.48,USA,8172 LARK BROWN RD STE 201,ELKRIDGE,HOWARD,MD,210756423
"C2 TECHNOLOGIES, INC.",9225124.56,USA,7601 LEWINSVILLE RD STE 205,MC LEAN,FAIRFAX,VA,221022815
"GLOBAL PRECISION SYSTEMS, LLC",9163773.14,USA,4600 DEBARR RD STE 200,ANCHORAGE,ANCHORAGE,AK,995083103
OMNIPLEX WORLD SERVICES CORPORATION,8945540.34,USA,13530 DULLES TECHNOLOGY DRIVE STE 500,HERNDON,FAIRFAX,VA,201714642
AMIVERO LLC,8459304.25,USA,1900 RESTON METRO PLZ STE 300,RESTON,FAIRFAX,VA,201905950
CORP TEN INTERNATIONAL,8390412.69,USA,2303 DULLES STATION BLVD STE 205,HERNDON,FAIRFAX,VA,201716356
IRON MOUNTAIN INFORMATION MANAGEMENT LLC,8092972.92,USA,1 FEDERAL ST,BOSTON,SUFFOLK,MA,21102012
ATT MOBILITY LLC,7874381.17,USA,5565 GLENRIDGE CONNECTOR,ATLANTA,FULTON,GA,303424756
"FLATTER, INC",7841001.99,USA,805 PRINCESS ANNE ST STE 1,FREDERICKSBURG,FREDERICKSBURG (CITY),VA,224015854
MCMANIS ASSOCIATES INC,7685734.78,USA,100 STATE ST STE 503,ERIE,ERIE,PA,165071457
"CHENEGA TRI-SERVICES, LLC",7663147.78,USA,5726 W HAUSMAN RD STE 100,SAN ANTONIO,BEXAR,TX,782491651
DELOITTE & TOUCHE LLP,7652724.02,USA,1919 N LYNN ST,ARLINGTON,ARLINGTON,VA,222091742
METAPHASE CONSULTING LLC,7644275.7,USA,11911 FREEDOM DR STE 1010,RESTON,FAIRFAX,VA,201905629
DEFINITIVE LOGIC CORPORATION,7470045.64,USA,4121 WILSON BLVD,ARLINGTON,ARLINGTON,VA,222031839
"TECHOPS SPECIALTY VEHICLES, LLC",7352892.32,USA,218A LOG CANOE CIR,STEVENSVILLE,QUEEN ANNE'S,MD,216662111
GLOBAL RESOURCE SOLUTIONS INC,7233316.47,USA,3701 PENDER DR,FAIRFAX,FAIRFAX,VA,220306045
APTIVE HTG LLC,7232774.92,USA,"110 N ROYAL STREET, STE 400",ALEXANDRIA,ALEXANDRIA (CITY),VA,223143121
JESUIT REFUGEE SERVICE USA,7137900.17,USA,1016 16TH ST NW STE 200,WASHINGTON,DISTRICT OF COLUMBIA,DC,200365700
"KCORP SUPPORT SERVICES, INC",7125366.26,USA,1603 COLLEGE RD,FAIRBANKS,FAIRBANKS NORTH STAR,AK,997094175
"C & C INTERNATIONAL COMPUTERS & CONSULTANTS, INC.",6900281.86,USA,3850 N 29 TER STE 106,HOLLYWOOD,BROWARD,FL,330201018
"MAGNET FORENSICS USA, INC.",6834166.03,USA,"2250 CORPORATE PARK DRIVE, UNIT 2",HERNDON,FAIRFAX,VA,201712898
"GRANITE TELECOMMUNICATIONS, LLC",6771307.35,USA,1 HERITAGE DR,QUINCY,NORFOLK,MA,21712105
"VISTRA COMMUNICATIONS, LLC",6742399.5,USA,18315 N. US HWY 41,LUTZ,HILLSBOROUGH,FL,335494468
"WORKWEAR OUTFITTERS, LLC",6292375.08,USA,545 MARRIOTT DR STE 100,NASHVILLE,DAVIDSON,TN,37214
NAXO LABS LLC,6150000,USA,110 GREEN ST APT B402,BROOKLYN,KINGS,NY,11222
SUMMOME NATIVE VENTURES LLC,6069872.14,USA,100 BROOKWOOD RD,ATMORE,ESCAMBIA,AL,365023513
"TRM LABS, INC.",6065351,USA,450 TOWNSEND ST,SAN FRANCISCO,SAN FRANCISCO,CA,941071510
THE RAND CORPORATION,6024823.69,USA,1776 MAIN ST,SANTA MONICA,LOS ANGELES,CA,904013297
OCT CONSULTING LLC,5988718.1,USA,1311 CAPULET CT,MC LEAN,FAIRFAX,VA,221022756
"INALAB CONSULTING, INC.",5941391.95,USA,"3949 PENDER DR, SUITE 150",FAIRFAX,FAIRFAX,VA,220306088
BLUESTONE ANALYTICS LLC,5783930,USA,333 2ND ST SE STE 310,CHARLOTTESVILLE,CHARLOTTESVILLE (CITY),VA,229026272
AMAZE TECHNOLOGIES LLC,5779723.82,USA,13873 PARK CENTER RD STE 212N,HERNDON,FAIRFAX,VA,201713249
BARBARICUM LLC,5747549.94,USA,1714 N STREET,WASHINGTON,DISTRICT OF COLUMBIA,DC,200362907
THE DISTRICT COMMUNICATIONS GROUP LLC,5600000,USA,633 E ST SE,WASHINGTON,DISTRICT OF COLUMBIA,DC,200032991
"KCORP RELIANCE COMPANY, INC.",5561258.96,USA,1603 COLLEGE RD,FAIRBANKS,FAIRBANKS NORTH STAR,AK,997094175
"CYBERDATA TECHNOLOGIES, INC.",5413755.51,USA,455 SPRINGPARK PL STE 300,HERNDON,FAIRFAX,VA,201705527
TFC CONSULTING INC.,5377565.95,USA,9200 CORPORATE BLVD STE 260,ROCKVILLE,MONTGOMERY,MD,208503864
"SEV1TECH, LLC",5364709.9,USA,12700 BLACK FOREST LN,WOODBRIDGE,PRINCE WILLIAM,VA,221925306
"MLINQS, LLC",5310677.66,USA,11350 RANDOM HILLS RD STE 800,FAIRFAX,FAIRFAX,VA,220306044
KALOS INC,5229224.42,USA,3518 SE 21ST ST STE B,TOPEKA,SHAWNEE,KS,666072399
"HOLITNA CONSTRUCTION, LLC",5124231.2,USA,4300 B ST STE 405,ANCHORAGE,ANCHORAGE,AK,995035951
HEARTLAND ENERGY PARTNERS LLC,5008152.76,USA,6720 CURRAN ST,MC LEAN,FAIRFAX,VA,221013803
DANYA INTERNATIONAL LLC,4975191.86,USA,8757 GEORGIA AVE STE 1200,SILVER SPRING,MONTGOMERY,MD,209103739
CHEVIN FLEET SOLUTIONS LLC,4938423,USA,347 LUNENBURG ST,FITCHBURG,WORCESTER,MA,14204505
GREENBRIER GOVERNMENT SOLUTIONS INC,4888975.56,USA,220 KOPPERSTON RD,OCEANA,WYOMING,WV,248705600
"GAP SOLUTIONS, INC.",4835623.96,USA,205 VAN BUREN ST STE 205,HERNDON,FAIRFAX,VA,201705336
"AVAYA FEDERAL SOLUTIONS, INC.",4739857.61,USA,7415 BOSTON BLVD,SPRINGFIELD,FAIRFAX,VA,221533122
"DENTRUST DENTAL INTERNATIONAL, INC.",4698670.5,USA,6097 EASTON RD,PIPERSVILLE,BUCKS,PA,189471810
DV UNITED LLC,4648896.87,USA,7343 WAVERLY DR,WARRENTON,FAUQUIER,VA,201867656
"WESTERN DOOR FEDERAL, LLC",4629500.47,USA,14200 PARK MEADOW DR,CHANTILLY,FAIRFAX,VA,201514256
MANAGEMENT & TECHNICAL SERVICES ALLIANCE JOINT VENTURE,4580742.74,USA,200 N GLEBE RD # 1040,ARLINGTON,ARLINGTON,VA,222033756
"VALOR NETWORK, INC.",4547577,USA,1801 BOULEVARD STE 2,SEASIDE PARK,OCEAN,NJ,87521210
"CASEPOINT, LLC",4526000,USA,7900 TYSONS ONE PL STE 225,MC LEAN,FAIRFAX,VA,221025977
QINTEL LLC,4500000,USA,322 N SHORE DR STE 300,PITTSBURGH,ALLEGHENY,PA,152125875
OPTIMO INFORMATION TECHNOLOGY LLC,4492800,USA,240 MARKET ST STE 112,BLOOMSBURG,COLUMBIA,PA,178151950
SOLV LLC,4482814.67,USA,8201 GREENSBORO DR,MC LEAN,FAIRFAX,VA,221023818
"L3HARRIS TECHNOLOGIES, INC.",4458500,USA,221 JEFFERSON RIDGE PKWY,LYNCHBURG,LYNCHBURG (CITY),VA,245016952
GLOBAL MIRACLE SOLUTIONS LLC,4457389.93,USA,270 EAST 100 S,SALT LAKE CITY,SALT LAKE,UT,841111605
"NATIONAL LAW ENFORCEMENT TELECOMMUNICATION SYSTEM (NLETS), INC",4297191.65,USA,1918 W WHISPERING WIND DR,PHOENIX,MARICOPA,AZ,850851867
"TEAM CARNEY, INC.",4289364.22,USA,7621 ADMIRAL DR,ALEXANDRIA,FAIRFAX,VA,223081071
PARAGON SYSTEMS INC,4276841.1,USA,13900 LINCOLN PARK DR STE 300,HERNDON,FAIRFAX,VA,201713244
"ELEVATE HOLDINGS, INC",4252214.32,USA,3 PARK CIR,NORTH HAMPTON,ROCKINGHAM,NH,38622244
THORN,4232325,USA,1240 ROSECRANS AVE STE 120,MANHATTAN BEACH,LOS ANGELES,CA,902662558
"AFFIGENT, LLC",4231662.18,USA,2553 DULLES VIEW DR STE 700,HERNDON,FAIRFAX,VA,201715226
QUANTICO TACTICAL INCORPORATED,4190915.18,USA,9796 ABERDEEN RD,ABERDEEN,HOKE,NC,283157742
"FS PARTNERS, LLP",4154604.51,USA,555 MIDDLE CREEK PKWY UNIT 120,COLORADO SPRINGS,EL PASO,CO,809213798
"MANAGED CARE ADVISORS, INC.",4093100.11,USA,7700 OLD GEORGETOWN RD,BETHESDA,MONTGOMERY,MD,208146231
"AGILITECH, LLC",4082346.76,USA,11440 COMMERCE PARK DR STE 400,RESTON,FAIRFAX,VA,201911544
STRATEGIC OPERATIONAL SOLUTIONS INC,4026258.34,USA,8391 OLD COURTHOUSE RD 300,VIENNA,FAIRFAX,VA,221823819
SUVI GLOBAL SERVICES LLC,3990055.66,USA,2553 DULLES VIEW DR STE 700,HERNDON,FAIRFAX,VA,201715228
GRIFFEYE INC,3954113.7,USA,14505 NADINE DR,ROCKVILLE,MONTGOMERY,MD,208532364
INDEV LLC,3902600.15,USA,3033 WILSON BLVD STE 700,ARLINGTON,ARLINGTON,VA,222013868
"FILEONQ, INC",3823576.72,USA,832 INDUSTRY DR,TUKWILA,KING,WA,981883410
STARSIDE SECURITY & INVESTIGATION INC,3796915.73,USA,1370 VALLEY VISTA DR STE 200,DIAMOND BAR,LOS ANGELES,CA,917653921
"GUARDIAN CENTERS OF GEORGIA, LLC",3744284.8,USA,600 PERRY PARKWAY,PERRY,HOUSTON,GA,310692446
SURVPATH LLC,3698867.34,USA,4695 MILLENNIUM DR,BELCAMP,HARFORD,MD,210171505
"DIGNARI, LLC",3691740.76,USA,2509 E RANDOLPH AVE,ALEXANDRIA,ALEXANDRIA (CITY),VA,223011135
"BABEL STREET, INC.",3681061,USA,1818 LIBRARY ST STE 500,RESTON,FAIRFAX,VA,201906274
OLIN WINCHESTER LLC,3590754.87,USA,600 POWDER MILL RD,EAST ALTON,MADISON,IL,620241273
ARC - IMPERIAL VALLEY,3501179.01,USA,298 E ROSS AVE,EL CENTRO,IMPERIAL,CA,922439303
COBWEBS AMERICA INC,3484242.5,USA,1441 BROADWAY FL 5,NEW YORK,NEW YORK,NY,100181905
D&G SUPPORT SERVICES LLC,3481491.96,USA,3460 COMMISSION CT STE 201,WOODBRIDGE,PRINCE WILLIAM,VA,221921795
NEOSTEK INC,3429176.76,USA,3033 WILSON BLVD,ARLINGTON,ARLINGTON,VA,222013868
"CLEARVIEW AI, INC.",3390000,USA,214 W 29TH ST # 2A-110,NEW YORK,NEW YORK,NY,100015203
AMDEX CORPORATION,3373148.49,USA,1395 PICCARD DR STE 200,ROCKVILLE,MONTGOMERY,MD,208504348
"NAR MEDICAL DEPOT, LLC",3343113.72,USA,35 TEDWALL CT,GREER,GREENVILLE,SC,296504791
"SHINE SYSTEMS, LLC",3329193.84,USA,207 COLLINS AVE,LURAY,PAGE,VA,228352113
SILVER LAKE CONSTRUCTION LLC,3215874.1,USA,116 N BAILEY LN STE F,PURCELLVILLE,LOUDOUN,VA,201326003
AMERICAN INSTITUTE IN TAIWAN,3151523.14,USA,1700 N MOORE ST STE 1700,ARLINGTON,ARLINGTON,VA,222091913
ATTAINX INC.,3116772.29,USA,"2000 KRAFT DRIVE, SUITE 1209",BLACKSBURG,MONTGOMERY,VA,240606703
CALLYO 2009 CORP,3073000,USA,402 N DIVISION ST,CARSON CITY,CARSON CITY (CITY),NV,897034168
FEDRATECH LLC,3038071.8,USA,4229 LAFAYETTE CENTER DR STE 1700,CHANTILLY,FAIRFAX,VA,201511267
"TRUETANDEM, LLC",3036215.79,USA,520 HUNTMAR PK DR STE A,HERNDON,FAIRFAX,VA,201705156
"MANAGEMENT CONCEPTS, INC",3024173.64,USA,8230 LEESBURG PIKE STE 800,TYSONS CORNER,FAIRFAX,VA,221822641
TECHSUR SOLUTIONS LLC,2990195.1,USA,205 VAN BUREN ST STE 120,HERNDON,FAIRFAX,VA,201705336
"R3 GOVERNMENT SOLUTIONS, LLC",2979032.88,USA,"4201 WILSON BLVD, 3RD FLOOR",ARLINGTON,ARLINGTON,VA,222034420
BROADPOINT FEDERAL INC,2941692.32,USA,7501 WISCONSIN AVE STE 720,BETHESDA,MONTGOMERY,MD,208146532
"CORRECT CARE OF SOUTH CAROLINA, LLC",2875000,USA,800 FAIRWAY DR STE 490,DEERFIELD BEACH,BROWARD,FL,334411831
ARCH SYSTEMS LLC,2862723.55,USA,1800 WASHINGTON BLVD STE 421,BALTIMORE,BALTIMORE (CITY),MD,212301735
"TACTICAL & SURVIVAL SPECIALTIES, LLC",2843200.08,USA,3900 EARLY RD,HARRISONBURG,HARRISONBURG (CITY),VA,228019788
"PKH ENTERPRISES, LLC",2841387.24,USA,5404 WISCONSIN AVE,CHEVY CHASE,MONTGOMERY,MD,208153573
SIG SAUER INC.,2833297.78,USA,72 PEASE BLVD,NEWINGTON,ROCKINGHAM,NH,38016801
YERKES SOUTH INC.,2768964.92,USA,4799 HINOTE RD,CRESTVIEW,WALTON,FL,325394812
"GARTNER, INC.",2656742.84,USA,56 TOP GALLANT RD,STAMFORD,WESTERN CONNECTICUT,CT,69027700
DEVA & ASSOCIATES PC,2581394.69,USA,1901 RESEARCH BLVD STE 410,ROCKVILLE,MONTGOMERY,MD,208506120
AXUMFED LLC,2562230.84,USA,1765 GREENSBORO STATION PL FL 9,MCLEAN,FAIRFAX,VA,221023472
OLD HARBOR SOLUTIONS LLC,2554255.63,USA,2702 DENALI ST,ANCHORAGE,ANCHORAGE,AK,995032747
KZF DESIGN INC,2534796.41,USA,700 BROADWAY ST,CINCINNATI,HAMILTON,OH,452026011
ARMAG CORP,2496677.8,USA,40 LUCKNOW CT,BARDSTOWN,NELSON,KY,400042113
PEGASUS SUPPORT SERVICES LLC,2490158.1,USA,265 PARKWAY 575,WOODSTOCK,CHEROKEE,GA,301886421
JROGERS CONSULTING LLC,2426730.74,USA,14 ROSECREST AVE,ALEXANDRIA,ALEXANDRIA (CITY),VA,223011528
"DSSP CONSULTING, INC.",2400926.4,USA,137 NATIONAL PLZ STE 300,OXON HILL,PRINCE GEORGE'S,MD,207451153
"SIG SAUER, INC",2375662.01,USA,72 PEASE BLVD,NEWINGTON,ROCKINGHAM,NH,38016801
"AXIS GLOBAL ENTERPRISES, INC.",2372793.85,USA,1439 N GREAT NECK RD STE 100,VIRGINIA BEACH,VIRGINIA BEACH (CITY),VA,234541347
"APPLIED RESEARCH ASSOCIATES, INC.",2269150.26,USA,4300 SAN MATEO BLVD NE STE A-220,ALBUQUERQUE,BERNALILLO,NM,871101295
"PEOPLE, TECHNOLOGY AND PROCESSES, LLC",2257074.33,USA,8621 E DR MARTIN LUTHER KING JR BLVD,TAMPA,HILLSBOROUGH,FL,336107305
"CHILD RESCUE COALITION, INC.",2240000,USA,4530 CONFERENCE WAY S,BOCA RATON,PALM BEACH,FL,334314489
"INFORMATION TECHNOLOGY STRATEGIES, INC.",2168033.17,USA,23392 SUMMERSTOWN PL,STERLING,LOUDOUN,VA,201662178
CREDENCE DYNAMO SOLUTIONS LLC,2070772.71,USA,1951 KIDWELL DR STE 550,VIENNA,FAIRFAX,VA,221823984
CUBE ROOT CORPORATION,2066534.75,USA,1100 H ST NW STE 805,WASHINGTON,DISTRICT OF COLUMBIA,DC,200055482
MICROSOFT CORPORATION,2043232.71,USA,ONE MICROSOFT WAY,REDMOND,KING,WA,980528300
GOVERNMENT ACQUISITIONS INC,2030151.32,USA,2060 READING ROAD,CINCINNATI,HAMILTON,OH,452021400
ALVAREZ LLC,2028799.57,USA,161 FORT EVANS RD NE STE 335,LEESBURG,LOUDOUN,VA,201763375
"AVANI SERVICES, LLC",2018708.45,USA,5003 WARREN ST NW,WASHINGTON,DISTRICT OF COLUMBIA,DC,200164371
"NOBLE SUPPLY & LOGISTICS, LLC",2004772.52,USA,"1 MARINA PARK DRIVE, SUITE 220",BOSTON,SUFFOLK,MA,22101873
PARAGON SOLUTIONS (US) INC,2000000,USA,14900 CONFERENCE CENTER DR,CHANTILLY,FAIRFAX,VA,201513834
"GARUD TECHNOLOGY SERVICES, INC.",1991075.84,USA,8815 CENTRE PARK DR STE 320,COLUMBIA,HOWARD,MD,210452284
"KATMAI COMMODITIES, LLC",1984950.19,USA,11001 OMALLEY CENTRE DR,ANCHORAGE,ANCHORAGE,AK,995153096
NU BORDERS LLC,1966419.28,USA,1037 PLEASANT ST,BRIDGEWATER,PLYMOUTH,MA,23242301
"ITSC SECURE SOLUTIONS, LLC",1958986.8,USA,4510 GRESHAM LN SE,OWENS CROSS ROADS,MADISON,AL,357633201
COMMIT ENTERPRISES INC,1927893.97,USA,4151 SPRUILL AVE STE 300,N CHARLESTON,CHARLESTON,SC,294054946
"GOLDEN KEY GROUP, LLC",1884957.46,USA,1850 CENTENNIAL PARK DR,RESTON,FAIRFAX,VA,201911524
"FEDERAL RESOURCES SUPPLY COMPANY, LLC",1870910.02,USA,235-G LOG CANOE CIR,STEVENSVILLE,QUEEN ANNE'S,MD,216662165
"BARNALLEN TECHNOLOGIES, INC.",1830192.6,USA,1700 ROCKVILLE PIKE STE 300,ROCKVILLE,MONTGOMERY,MD,208521631
RELX INC,1818722,USA,9443 SPRINGBORO PIKE,MIAMISBURG,MONTGOMERY,OH,453424425
BERLA CORPORATION,1803440,USA,565 MAYNADIER LN,CROWNSVILLE,ANNE ARUNDEL,MD,210322137
APPLIED FUNDAMENTALS CONSULTING LLC,1795485.64,USA,13655 DULLES TECHNOLOGY DR STE 160,HERNDON,FAIRFAX,VA,201714634
"MOI, INC.",1777526.13,USA,1801 PORTER ST STE 100,BALTIMORE,BALTIMORE (CITY),MD,212305562
"ETHIC TECH, LLC",1767900.65,USA,401 WYNN DR NW,HUNTSVILLE,MADISON,AL,358051962
"DEFENSE POINT SECURITY, LLC",1754957.95,USA,44 CANAL CENTER PLAZA SUITE 305,ALEXANDRIA,ALEXANDRIA (CITY),VA,223141552
CINKA CONSTRUCTION & CONSULTING SERVICES LLC,1740861,USA,307 SAINT KITTS LOOP,SAINT AUGUSTINE,ST. JOHNS,FL,320921181
"ARETEC, INC",1733613.5,USA,10201 FAIRFAX BLVD STE 223,FAIRFAX,FAIRFAX (CITY),VA,220302222
A2Z SUPPLY CORP,1720998.36,USA,302 MAIN ST,STEVENSVILLE,RAVALLI,MT,598702530
CENTRAL PARKING SYSTEM INC,1714097.76,USA,1225 I ST NW STE C100,WASHINGTON,DISTRICT OF COLUMBIA,DC,200053914
MOUNTAIN HORSE LLC,1712959.05,USA,407 S TEJON ST,COLORADO SPRINGS,EL PASO,CO,809032196
"GOVPLACE, LLC",1670182.52,USA,7315 WISCONSIN AVE STE 300,BETHESDA,MONTGOMERY,MD,208143202
"TRIDANT SOLUTIONS, INC.",1665998.81,USA,453 N LAKE AVE,PASADENA,LOS ANGELES,CA,911011215
"DIGITALSPEC, LLC",1664490.42,USA,3949 PENDER DRIVE STE 305,FAIRFAX,FAIRFAX,VA,220306048
NATIONAL CYBER-FORENSICS AND TRAINING ALLIANCE LIMITED,1623999.84,USA,2000 TECHNOLOGY DR STE 450,PITTSBURGH,ALLEGHENY,PA,152193112
DAWN INCORPORATED,1610099,USA,2861 SFERRA AVE NW,WARREN,TRUMBULL,OH,44483
"SAYARI ANALYTICS, LLC",1588250.75,USA,829 7TH ST NW FL 3,WASHINGTON,DISTRICT OF COLUMBIA,DC,200013850
EG&R ENGINEERING PC,1545910.24,USA,1249 S RIVER RD,CRANBURY,MIDDLESEX,NJ,85123633
"ACCESS COMMUNICATIONS GROUP, LLC",1535472.23,USA,2017 TEXAS AVE,EL PASO,EL PASO,TX,799011943
SP PLUS CORPORATION,1532519.36,USA,200 E RANDOLPH ST STE 7700,CHICAGO,COOK,IL,606017702
ADVENTURES BY DAWN L.L.C,1525614.53,USA,17517B INDIAN HEAD HWY,ACCOKEEK,PRINCE GEORGE'S,MD,206072527
CADUCEUS HEALTHCARE INC,1516911.87,USA,1850 PARKWAY PL SE STE 725,MARIETTA,COBB,GA,300678262
"OPTIVOR TECHNOLOGIES, LLC",1485759.36,USA,7616 SOUTHLAND BLVD STE 111,ORLANDO,ORANGE,FL,328098513
"TSC MANAGEMENT, LLC",1472504.29,USA,1600 BELLEVILLE ST,RICHMOND,RICHMOND (CITY),VA,232304440
THERMO SCIENTIFIC PORTABLE ANALYTICAL INSTRUMENTS INC.,1455648.08,USA,2 RADCLIFF RD,TEWKSBURY,MIDDLESEX,MA,18761182
PAPERLESS INNOVATIONS INC,1445856,USA,4273 HAULOVER DR,JOHNS ISLAND,CHARLESTON,SC,294554116
ASET PARTNERS CORP.,1384024,USA,5523 RESEARCH PARK DR STE 240,BALTIMORE,BALTIMORE,MD,212284587
HUMAN RESOURCES RESEARCH ORGANIZATION (HUMRRO),1373293.83,USA,66 CANAL CENTER PLZ,ALEXANDRIA,ALEXANDRIA (CITY),VA,223141578
"J.P. INDUSTRIES, INC.",1354185.56,USA,2851 N COUNTRY CLUB RD,TUCSON,PIMA,AZ,857161909
"MODEL CONCEPT COMMUNICATIONS, LLC",1343827.04,USA,12025 NEW DOMINION PKWY APT 204,RESTON,FAIRFAX,VA,201906265
"MANDIANT, INC.",1340480,USA,601 MCCARTHY BLVD,MILPITAS,SANTA CLARA,CA,950357932
"PRIME MASONRY, LLC",1335686.01,USA,2212 PRIMROSE AVE STE E,MCALLEN,HIDALGO,TX,785044161
"APL ACCESS & SECURITY, INC.",1329809.67,USA,115 SOUTH WILLIAM DILLARD DR,GILBERT,MARICOPA,AZ,852335525
PERATON TECHNOLOGY SERVICES INC.,1323206.12,USA,15050 CONFERENCE CENTER DR,CHANTILLY,FAIRFAX,VA,201513857
TRANSLATION EXCELLENCE INC.,1297521.68,USA,3300 S PARKER RD,AURORA,ARAPAHOE,CO,800143504
"GANS & PUGH ASSOCIATES, INC.",1296335,USA,690 CTR ST STE 201,HERNDON,FAIRFAX,VA,201705019
CENTRAL LAKE ARMOR EXPRESS INC,1285438.27,USA,750A W FIELDCREST RD,EDEN,ROCKINGHAM,NC,272883631
"LEGAL INTERPRETING SERVICES, INC.",1274295.01,USA,14850 CONFERENCE CENTER DR,CHANTILLY,FAIRFAX,VA,201513844
"GETTYSBURG ADDRESSES, INC.",1256900,USA,8 LINCOLN SQ,GETTYSBURG,ADAMS,PA,173252205
FLEET MANAGEMENT SOLUTIONS INC,1245845.68,USA,310 COMMERCE STE 100,IRVINE,ORANGE,CA,926021360
WHOOSTER INC,1239000,USA,112 CIMARRON PARK LOOP,BUDA,HAYS,TX,786102850
"V3 GATE TEAM, LLP",1235579.07,USA,555 MIDDLE CREEK PKWY UNIT 120,COLORADO SPRINGS,EL PASO,CO,809213798
CONSTELLATION INC,1227882.62,USA,1400 MAYHURST BLVD,MC LEAN,FAIRFAX,VA,221022235
XEROX CORPORATION,1191744.09,USA,1800 M ST NW STE 500N,WASHINGTON,DISTRICT OF COLUMBIA,DC,200365870
"IMPRES TECHNOLOGY SOLUTIONS, INC",1176703.31,USA,810 HESTERS CROSSING RD,ROUND ROCK,WILLIAMSON,TX,786817839
FIRELAKE CONSTRUCTION INC,1164660.92,USA,3054 LEEMAN FERRY RD SW,HUNTSVILLE,MADISON,AL,358015660
"YUKON FIRE PROTECTION SERVICES, INC.",1146182.76,USA,5601 SILVERADO WAY,ANCHORAGE,ANCHORAGE,AK,995181651
"DTC COMMUNICATIONS, INC.",1131940,USA,3845 GATEWAY CENTRE BLVD STE 360,PINELLAS PARK,PINELLAS,FL,337826132
EAST RIO HONDO WATER SUPPLY CORP,1130054.61,USA,206 INDUSTRIAL PKWY,RIO HONDO,CAMERON,TX,785830000
"ENTERPRISE TECHNOLOGY SOLUTIONS, INC.",1121480.95,USA,9658 BALTIMORE AVE STE 300,COLLEGE PARK,PRINCE GEORGE'S,MD,207401346
THE TRAINING CONNECTION INC,1120715.76,USA,4004 GENESEE PL,WOODBRIDGE,PRINCE WILLIAM,VA,22192
FREEDOM INTERNATIONAL INC,1117207.92,USA,42268 PROVIDENCE RIDGE DR,CHANTILLY,LOUDOUN,VA,201524372
FEDERAL EXPRESS CORPORATION,1106221.87,USA,2003 CORPORATE PLZ,MEMPHIS,SHELBY,TN,381321702
BGRS RELOCATION INC,1086800,USA,1 PARKVIEW PLZ STE 400,OAKBROOK TERRACE,DUPAGE,IL,601814492
"PHERSON ASSOCIATES, LLC",1079301.9,USA,12110 SUNSET HILLS RD STE 600,RESTON,FAIRFAX,VA,201905916
MASTODON DESIGN LLC,1052651.43,USA,55 SCIENCE PKWY,ROCHESTER,MONROE,NY,146204258
TRANS UNION LLC,1049250,USA,555 W ADAMS ST FL 1,CHICAGO,COOK,IL,606613614
"ADVANCED COMPUTER CONCEPTS, INC.",1036951.77,USA,7927 JONES BRANCH DR,MC LEAN,FAIRFAX,VA,221023317
"TLI CONSTRUCTION, INC.",1032131.29,USA,3610 CENTRAL AVE STE 400,RIVERSIDE,RIVERSIDE,CA,925065907
LEADING TECHNOLOGY COMPOSITES INC,1028606.77,USA,2626 W MAY ST,WICHITA,SEDGWICK,KS,672131854
"INTRANET COMMUNICATIONS GROUP, INC.",1012638.51,USA,3500 NW 2ND AVE STE 727,BOCA RATON,PALM BEACH,FL,334315870
ALTANA TECHNOLOGIES USG INC,1000000,USA,700 14TH ST NW,WASHINGTON,DISTRICT OF COLUMBIA,DC,200052010
"THE ESCAL INSTITUTE OF ADVANCED TECHNOLOGIES, INC.",999838.4,USA,11200 ROCKVILLE PIKE STE 200,ROCKVILLE,MONTGOMERY,MD,208523103
"GOVSMART, INC.",996063.5,USA,715 CHARLTON AVE STE 100,CHARLOTTESVILLE,CHARLOTTESVILLE (CITY),VA,229035203
"TECHNICAL AND PROJECT ENGINEERING, LLC",991219.32,USA,"6363 WALKER LANE, SUITE 300",ALEXANDRIA,FAIRFAX,VA,223103262
"HOMELAND SECURITY AND MANAGEMENT SOLUTIONS, INC.",987188.6,USA,13178 LARCHDALE RD UNIT 1,LAUREL,PRINCE GEORGE'S,MD,207081704
ECONOMIC SYSTEMS INC,987061.84,USA,3120 FAIRVIEW PARK DR STE 500,FALLS CHURCH,FAIRFAX,VA,220424568
DIGITALEDGE JV LLC,985386.74,USA,3949 PENDER DR STE 305,FAIRFAX,FAIRFAX,VA,220306048
"STRATEGIC OPERATIONS, INC.",974648.28,USA,4705 RUFFIN RD,SAN DIEGO,SAN DIEGO,CA,921231611
"MCG HEALTH, LLC.",960145.9,USA,901 5TH AVE STE 2000,SEATTLE,KING,WA,981642076
"ARMADA, LTD.",957908.88,USA,23 CLAIREDAN DRIVE,POWELL,DELAWARE,OH,430658064
"PHOENIX GENERAL CONTRACTORS, LLC",956306.38,USA,11940 DON HASKINS DR,EL PASO,EL PASO,TX,799366998
"CYNWAVE SOLUTIONS, LLC",938254.71,USA,238 EDENBRIDGE WAY,EVANS,COLUMBIA,GA,308098296
"ASSOCIATION OF CERTIFIED ANTI-MONEY LAUNDERING SPECIALISTS, LLC",919090,USA,80 SW 8TH ST STE 2300,MIAMI,MIAMI-DADE,FL,331303031
CGI FEDERAL INC.,916625.61,USA,12601 FAIR LAKES CIR # 100,FAIRFAX,FAIRFAX,VA,220334920
COINBASE INC,910000,USA,430 CALIFORNIA ST,SAN FRANCISCO,SAN FRANCISCO,CA,941041301
5150 LABS LLC,891750,USA,42882 TRURO PARISH DR STE 206,BROADLANDS,LOUDOUN,VA,201484458
"FORRESTER RESEARCH, INC.",890028.47,USA,60 ACORN PARK DR,CAMBRIDGE,MIDDLESEX,MA,21402303
"THE LANGUAGE DOCTORS, INC",887582.55,USA,1910 TOWNE CENTRE BLVD,ANNAPOLIS,ANNE ARUNDEL,MD,214012781
"MBF INDUSTRIES, INC.",887030,USA,210 TECH DR,SANFORD,SEMINOLE,FL,327716662
"ENVIRONMENTAL SYSTEMS RESEARCH INSTITUTE, INC.",870528.96,USA,380 NEW YORK STREET,REDLANDS,SAN BERNARDINO,CA,923738118
AARDVARK,838155.54,USA,1935 PUDDINGSTONE DR,LA VERNE,LOS ANGELES,CA,917505818
GO & ZALEZ INC,832557,USA,17234 FM 1314 RD,CONROE,MONTGOMERY,TX,773024850
"COLD BOX EXPRESS, INC.",832500,USA,992 N BRINDLEE MOUNTAIN PKWY,ARAB,MARSHALL,AL,350161065
THE JOHNS HOPKINS UNIVERSITY,828084.68,USA,3400 N CHARLES ST W400 WYMAN PARK BLDG,BALTIMORE,BALTIMORE (CITY),MD,212182680
XRAD TELE-SERVICES INC,825300,USA,1832 VIA ALLENA,OCEANSIDE,SAN DIEGO,CA,920566223
"CONVERGEONE GOVERNMENT SOLUTIONS, LLC",823037.66,USA,350 CLARK DR,BUDD LAKE,MORRIS,NJ,78281394
BIALEK CORPORATION OF MARYLAND,814749.74,USA,2000 TOWER OAKS BLVD,ROCKVILLE,MONTGOMERY,MD,208524282
"FARBER SPECIALTY VEHICLES, INC",794643,USA,7052 AMERICANA PARKWAY,REYNOLDSBURG,LICKING,OH,43068
"RESURGENS RISK MANAGEMENT, INC.",781145,USA,1170 PEACHTREE ST NE STE 1200,ATLANTA,FULTON,GA,303617673
JTF BUSINESS SYSTEMS CORPORATION,774210.03,USA,7370 STEEL MILL DR,SPRINGFIELD,FAIRFAX,VA,221503600
KALAKOA PAINTING LLC,742078,USA,330 ULUNIU ST,KAILUA,HONOLULU,HI,967342533
"QUIET PROFESSIONALS, LLC",741350.4,USA,"2701 NORTH ROCKY POINT DRIVE, SUITE 175",TAMPA,HILLSBOROUGH,FL,336075998
INTERNATIONAL CARTRIDGE CORP,741280.43,USA,2273 ROUTE 310,REYNOLDSVILLE,JEFFERSON,PA,158512429
"LUMIA ONE, INC.",735252.24,USA,21321 GOLF ESTATES DR,GAITHERSBURG,MONTGOMERY,MD,208821935
GLOBAL TEL*LINK CORPORATION,732633.74,USA,3120 FAIRVIEW PK DR STE 300,FALLS CHURCH,FAIRFAX,VA,220424571
"CORPORATE SOURCE, INC THE",723060.33,USA,1225 FRANKLIN AVE STE 335,GARDEN CITY,NASSAU,NY,115301659
"22ND CENTURY TECHNOLOGIES, INC.",710729.6,USA,8251 GREENSBORO DR,MCLEAN,FAIRFAX,VA,221024938
"LRP PUBLICATIONS, INC.",690693,USA,360 HIATT DR,PALM BEACH GARDENS,PALM BEACH,FL,334187106
"KOMAN CONSTRUCTION, LLC",687494.52,USA,2700 GAMBELL ST STE 401,ANCHORAGE,ANCHORAGE,AK,995032833
CITY OF COTTAGE GROVE,674433,USA,12800 RAVINE PKWY,COTTAGE GROVE,WASHINGTON,MN,550166103
CROSSTOWN COURIER SERVICE INC,652281.79,USA,165 FRONT ST STE 2420 BLDG D,CHICOPEE,HAMPDEN,MA,10131212
FRANKLIN COVEY CLIENT SALES INC,630118.63,USA,2200 W PARKWAY BLVD,WEST VALLEY CITY,SALT LAKE,UT,841192099
"SHAIDER-TECH, LLC",630000,USA,8315 ROUTE 29 STE 400,FAIRFAX,FAIRFAX,VA,220312215
HUDSON RIVER PARK TRUST,628322.68,USA,PIER 40 2ND FL 353 WEST ST,NEW YORK,NEW YORK,NY,10014
EVERYDAY HERO CPR LLC,616241.19,USA,112 HAWTHORNE DR,MURPHY,COLLIN,TX,750943542
GETDATA,615128.6,USA,14 VILLAGE CIR,MANHATTAN BEACH,LOS ANGELES,CA,902667219
INCADENCE STRATEGIC SOLUTIONS LLC,613528.4,USA,10432 BALLS FORD RD STE 120,MANASSAS,PRINCE WILLIAM,VA,201092515
"PERSONABLE.COM, INC.",610019.89,USA,17600 NEWHOPE ST,FOUNTAIN VALLEY,ORANGE,CA,927084220
"CORNERSTONE DETENTION PRODUCTS, INC",605435,USA,2511 MIDPARK RD,MONTGOMERY,MONTGOMERY,AL,361091407
PAT V MACK INC,602139.14,USA,450 8TH AVE SE,ST PETERSBURG,PINELLAS,FL,337015026
"NTT DATA FEDERAL SERVICES, INC.",597958.64,USA,2551 DULLES VIEW DR,HERNDON,FAIRFAX,VA,201715298
"GIANT OAK, INC.",585229.35,USA,3033 WILSON BLVD STE 700,ARLINGTON,ARLINGTON,VA,222013868
CARAHSOFT TECHNOLOGY CORP,582254.42,USA,11493 SUNSET HILLS RD,RESTON,FAIRFAX,VA,201905230
"A-ACTION FACILITY SERVICES, INC.",581958.65,USA,6607 TRIBBLE STREET,LITHONIA,DEKALB,GA,300584607
"KNOWLEDGEBANK, INC.",570205.31,USA,203 HARRISON ST SE,LEESBURG,LOUDOUN,VA,201753784
"COLT'S MANUFACTURING COMPANY, LLC",562935.23,USA,547 NEW PARK AVE,WEST HARTFORD,CAPITOL,CT,61101336
"CENTRIPETAL NETWORKS, LLC",562880.22,USA,1875 EXPLORER ST STE 910,RESTON,FAIRFAX,VA,201906023
PETER KIRCHMER,561448.31,USA,227 NEPTUNE AVE,ENCINITAS,SAN DIEGO,CA,920242519
MORRIS BRADLEY L,541510.5,USA,2116 BUCHANAN DR,ARLINGTON,TARRANT,TX,760113477
AXISCORE LLC,532000,USA,1629 K ST. SUITE 300,WASHINGTON,DISTRICT OF COLUMBIA,DC,200061631
ACCESSAGILITY LLC,526579.82,USA,8609 WESTWOOD CENTER DR STE 750,VIENNA,FAIRFAX,VA,221827521
"ABM INDUSTRY GROUPS, LLC",525188.2,USA,14141 SOUTHWEST FREEWAY STE 477,SUGAR LAND,FORT BEND,TX,774784630
AIRLINES REPORTING CORPORATION,510532.9,USA,3000 WILSON BLVD STE 300,ARLINGTON,ARLINGTON,VA,222033862
IBUY DISTRIBUTION LLC,500669,USA,50 ATRIUM DRIVE,SOMERSET,SOMERSET,NJ,88734163
AJCE CORPORATION,500056,USA,8570 SW 127 ST,MIAMI,MIAMI-DADE,FL,331565819
"CONCEPT PLUS, LLC",499985.59,USA,12150 MONUMENT DR STE 615,FAIRFAX,FAIRFAX,VA,220334051
INTEGRATED PARCEL NETWORK,499859.04,USA,11135 RUSH ST STE A,S EL MONTE,LOS ANGELES,CA,917333520
NATIONAL COMMISSION ON CORRECTIONAL HEALTH CARE,496736,USA,1145 W DIVERSEY PKWY,CHICAGO,COOK,IL,606141318
API GROUP LIFE SAFETY USA LLC,496200.74,USA,1100 OLD HIGHWAY 8 NW,NEW BRIGHTON,RAMSEY,MN,551126447
NORTH STAR IMAGING INCORPORATED,486415.28,USA,19875 S DIAMOND LAKE RD STE 10,ROGERS,HENNEPIN,MN,553744651
RESECURITY INC,480000,USA,4760 S PECOS RD STE 200,LAS VEGAS,CLARK,NV,891215828
INFAPRO CORPORATION,465690.34,USA,12707 LAUREL GROVE WAY,FAIRFAX,FAIRFAX,VA,220331625
RED RIVER TECHNOLOGY LLC,460200,USA,21 WATER ST STE 500,CLAREMONT,SULLIVAN,NH,37432247
"SCHATZ PUBLISHING GROUP, LLC",455901,USA,11950 W HIGHLAND AVE,BLACKWELL,KAY,OK,746316511
TOMCAT ENGINEERING UNLIMITED LLC,452379.75,USA,3303 S 14TH AVE,MARTINEZ LAKE,YUMA,AZ,853653927
"RELIANCE RELOCATION SERVICES, INC",450000,USA,161 N CLARK ST STE 1250,CHICAGO,COOK,IL,606014294
SUMURI LLC,447083.82,USA,40 S MAIN ST,MAGNOLIA,KENT,DE,199626205
"CQ-ROLL CALL, INC",435700,USA,1625 EYE ST NW STE 200,WASHINGTON,DISTRICT OF COLUMBIA,DC,200064061
"SIMON WIESENTHAL CENTER, INC.",428400,USA,1399 ROXBURY DR,LOS ANGELES,LOS ANGELES,CA,900354709
"UNITED TACTICAL SYSTEMS, LLC",413026.2,USA,28101 BALLARD DR STE F,LAKE FOREST,LAKE,IL,600454544
INCIDENT COMMUNICATION SOLUTIONS LLC,410827,USA,846 RITCHIE HWY SUITE 2A,SEVERNA PARK,ANNE ARUNDEL,MD,211464151
CHUGACH TECHNICAL SOLUTIONS LLC,403307.22,USA,3800 CENTERPOINT DR STE 1200,ANCHORAGE,ANCHORAGE,AK,995035825
"GOVERNMENT RETIREMENT & BENEFITS, INC.",391316,USA,333 JOHN CARLYLE ST STE 600,ALEXANDRIA,ALEXANDRIA (CITY),VA,223145772
SUSTEEN INC.,385999.56,USA,18200 VON KARMAN AVE,IRVINE,ORANGE,CA,926127147
CAPITAL BRAND GROUP LLC,385542.56,USA,12501 PROSPERITY DRIVE SUITE 400,SILVER SPRING,MONTGOMERY,MD,209041652
"AUCTANE, INC.",384270.78,USA,"1990, EAST GRAND AVENUE",EL SEGUNDO,LOS ANGELES,CA,90245
"TELLENGER, INC.",384120,USA,44679 ENDICOTT DR UNIT 459,ASHBURN,LOUDOUN,VA,201475567
"HENRY SCHEIN, INC.",382829,USA,135 DURYEA RD,MELVILLE,SUFFOLK,NY,117473834
VETTED SECURITY SOLUTIONS LLC,379490.3,USA,4185 35TH ST N,SAINT PETERSBURG,PINELLAS,FL,337143705
"FEDCAP REHABILITATION SERVICES, INC",376453.68,USA,633 3RD AVE 6TH FL,NEW YORK,NEW YORK,NY,100176787
"ACUITY-CHS, LLC",368150.69,USA,10701 PARKRIDGE BLVD STE 200,RESTON,FAIRFAX,VA,201914357
GLOBAL TRAVELER LLC,366259.63,USA,13800 COPPERMINE RD STE 155 1ST FLOOR,HERNDON,FAIRFAX,VA,201716163
"NET DIRECT SYSTEMS, LLC",365288.6,USA,2524 RELIANCE AVE,APEX,WAKE,NC,275396346
VH BLACKINTON & CO INC,362720,USA,221 JOHN L DIETSCH BLVD,ATTLEBORO FALLS,BRISTOL,MA,27631031
TEAL DRONES INC,359291.73,USA,2800 S WEST TEMPLE STE 2,SOUTH SALT LAKE,SALT LAKE,UT,841153504
PUBLIC HEALTH FOUNDATION,358773.92,USA,1300 L ST NW STE 800,WASHINGTON,DISTRICT OF COLUMBIA,DC,200054208
"ZAYO PROFESSIONAL SERVICES, LLC",349188,USA,950 HERNDON PKWY STE 260,HERNDON,FAIRFAX,VA,201705537
AJANTA CONSULTING LLC,345699.66,USA,5726 W HAUSMAN RD STE 100,SAN ANTONIO,BEXAR,TX,782491651
PRADO FAMILY SHOOTING RANGE,344021,USA,17501 POMONA RINCON RD,CHINO,SAN BERNARDINO,CA,917089287
"OAK GROVE TECHNOLOGIES, LLC",342300,USA,4131 PARKLAKE AVE STE 100,RALEIGH,WAKE,NC,276122389
INTEGRATED SECURITY TECHNOLOGIES INC.,341447.88,USA,94-1388 MOANIANI ST STE 204,WAIPAHU,HONOLULU,HI,967976604
"GENERAL DYNAMICS - OTS, INC.",337700.82,USA,291 NORTH ST,SACO,YORK,ME,40721809
MILLERKNOLL INC,333977.92,USA,855 E MAIN AVE,ZEELAND,OTTAWA,MI,494641366
RESCUE PHONE INC,332385,USA,8280 PATUXENT-RANGE RD,JESSUP,HOWARD,MD,207948606
PHAETON SOLUTIONS LLC,330710.9,USA,12110 SUNSET HILLS RD,RESTON,FAIRFAX,VA,201905916
WATCH SYSTEMS LLC,327816.42,USA,4 SANCTUARY BLVD,MANDEVILLE,ST. TAMMANY,LA,704713089
"MAYHEW TECHNOLOGY SOLUTIONS, LLC",326608.29,USA,1400 S FRETZ AVE STE 135,EDMOND,OKLAHOMA,OK,730035783
OPTIV FEDERAL INC,324175.06,USA,1144 15TH ST,DENVER,DENVER,CO,802022571
NAR TRAINING LLC,320700,USA,35 TEDWALL COURT,GREER,GREENVILLE,SC,296504791
"WOLFLAND, INC.",313046,USA,10705 RED RUN BLVD,OWINGS MILLS,BALTIMORE,MD,211175134
"CARTRIDGE TECHNOLOGIES, LLC",303794.3,USA,15738 CRABBS BRANCH WAY,ROCKVILLE,MONTGOMERY,MD,20850
PACER SERVICE CENTER,303645.82,USA,"7550 IH 10 W, STE 600",SAN ANTONIO,BEXAR,TX,782295813
ENSURITY MOBILE CORP.,300000,USA,1645 PALM BEACH LAKES BLVD,WEST PALM BEACH,PALM BEACH,FL,334012214
ACO REMODELING & CONSTRUCTION INC.,299948.76,USA,2222 TEXAS AVE,EL PASO,EL PASO,TX,799012016
"ICONECTIV, LLC",295800,USA,100 SOMERSET CORPORATE BLVD STE 5000,BRIDGEWATER,SOMERSET,NJ,88072842
"SYNOVIX, INC.",293028.8,USA,4900 CORPORATE DR NW,HUNTSVILLE,MADISON,AL,358056214
"GLOBAL ENTERPRISE, INC",291035,USA,11560 STONEWALL RD,APPOMATTOX,APPOMATTOX,VA,245228806
"AECOM TECHNICAL SERVICES, INC.",287491.85,USA,300 S GRAND AVE STE 1100,LOS ANGELES,LOS ANGELES,CA,900713173
"INTERNATIONAL SATELLITE SERVICES, INC.",283500.9,USA,1004 COLLIER CENTER WAY STE 204,NAPLES,COLLIER,FL,341108484
ADVANCED INTELLIGENCE LLC,280000,USA,2101 S OCEAN DR,HOLLYWOOD,BROWARD,FL,330192508
CYBRARY INC,274500,USA,4600 RIVER ROAD,RIVERDALE,PRINCE GEORGE'S,MD,20737
ASPETTO INC,268420.85,USA,1691 EMANCIPATION HWY,FREDERICKSBURG,FREDERICKSBURG (CITY),VA,224014651
"HARDIGG INDUSTRIES, LLC",268261.12,USA,147 N MAIN ST,SOUTH DEERFIELD,FRANKLIN,MA,13731026
"KONICA MINOLTA BUSINESS SOLUTIONS U.S.A, INC.",263731.25,USA,1595 SPRING HILL RD STE 400,VIENNA,FAIRFAX,VA,221822228
CHARTER COMMUNICATIONS OPERATING LLC,263200,USA,12405 POWERSCOURT DR,SAINT LOUIS,ST. LOUIS,MO,631313673
THE GLOCOMS GROUP INC,263000,USA,1404 W FULTON ST,CHICAGO,COOK,IL,606071110
"HEALTHEQUITY, INC.",262509.49,USA,15 W SCENIC POINTE DR STE 100,DRAPER,SALT LAKE,UT,840206120
HAWORTH INC,261991.47,USA,1 HAWORTH CTR,HOLLAND,ALLEGAN,MI,494238820
RIO GRANDE VALLEY COMMUNICATIONS GROUP,257761,USA,1300 HOUSTON,MCALLEN,HIDALGO,TX,785015002
"INNOVATIVE FEDERAL OPERATIONS GROUP, INCORPORATED",251700,USA,1959 PALOMAR OAKS WAY STE 160,CARLSBAD,SAN DIEGO,CA,920111313
"TELEDYNE FLIR DEFENSE, INC.",251429,USA,27700 SW PARKWAY AVE,WILSONVILLE,CLACKAMAS,OR,970708238
SRT SUPPLY LLC,250548.08,USA,2870 SCHERER DR N STE 300,SAINT PETERSBURG,PINELLAS,FL,337141002
EQUIFAX INC,249435.75,USA,1550 PEACHTREE ST NW,ATLANTA,FULTON,GA,303271428
"HAWAIIAN TELCOM SERVICES COMPANY, INC",247484.85,USA,1177 BISHOP ST # 11,HONOLULU,HONOLULU,HI,968132808
AQUILA FITNESS CONSULTING SYSTEMS LTD,246208,USA,1221 BRICKELL AVE STE 1060,MIAMI,MIAMI-DADE,FL,331313258
"24/7 ENTERPRISES, LLC",245760.66,USA,187 MILL LN,MOUNTAINSIDE,UNION,NJ,70922311
"SYSTRAN SOFTWARE, INC.",245696.25,USA,1615 MURRAY CANYON RD STE 560,SAN DIEGO,SAN DIEGO,CA,921084322
MK2 TECHNOLOGIES LLC,244124.79,USA,8601 N BLACK CANYON HWY,PHOENIX,MARICOPA,AZ,850214109
"ORBITAL INSIGHT, INC.",240000,USA,3000 EL CAMINO REAL BLDG 2 6TH FL,PALO ALTO,SANTA CLARA,CA,943062100
RICOH USA INC,237149.29,USA,300 EAGLEVIEW BLVD,EXTON,CHESTER,PA,193411155
CAMBIO CONSULTING GROUP LLC,236052,USA,17321 JEFFERSON DAVIS HWY,DUMFRIES,PRINCE WILLIAM,VA,220262271
"COLONIAL PARKING, INC",233069.42,USA,1050 THMS JEFRSN ST NW 100,WASHINGTON,DISTRICT OF COLUMBIA,DC,200073819
"KAPSUUN GROUP, LLC",231867,USA,10505 FURNACE RD STE 205,LORTON,FAIRFAX,VA,220792636
COLLABWARE CORPORATION,230400,USA,485 MASSACHUSETTS AVE,CAMBRIDGE,MIDDLESEX,MA,21394082
THE HIGHLANDS RANCH LAW ENFORCEMENT TRAINING FOUNDATION,227334.58,USA,6001 RON KING TRL,LITTLETON,DOUGLAS,CO,801257603
DAP CONSTRUCTION MANAGEMENT LLC,226807,USA,708 W HAZELWOOD ST,PHOENIX,MARICOPA,AZ,850132643
"HHI SERVICES, INC.",220965.3,USA,518 E RAMSEY RD,SAN ANTONIO,BEXAR,TX,782164661
RED ORANGE NORTH AMERICA INC.,218594.52,USA,500 W OFFICE CTR DR,FORT WASHINGTON,MONTGOMERY,PA,190343215
FEDERAL CONTRACTS LLC,218369,USA,12918 N NEBRASKA AVE,TAMPA,HILLSBOROUGH,FL,336124446
"VOUND COLORADO, LTD.",217671.36,USA,10643 N FRANK LLOYD WRIGHT BLVD STE 101,SCOTTSDALE,MARICOPA,AZ,852592699
"VOLEXITY, INC.",216000,USA,7310 ESQUIRE CT STE 5B,ELKRIDGE,HOWARD,MD,210755440
"EXPERIAN INFORMATION SOLUTIONS, INC.",214800,USA,475 ANTON BLVD,COSTA MESA,ORANGE,CA,926267037
WAVEDANCER INC,213360,USA,12015 LEE JACKSON HIGHWAY,FAIRFAX,FAIRFAX,VA,220333300
AMERITEL COMMUNICATIONS CORPORATION,210590.52,USA,7361 CALHOUN PLACE,ROCKVILLE,MONTGOMERY,MD,208552784
"ADVANTAGE TECHNOLOGIES, INC",209539.67,USA,30 MILLER CIR,ARMONK,WESTCHESTER,NY,105041361
ALTERNATION LLC,208091.07,USA,6073 YOUNGFIELD ST,ARVADA,JEFFERSON,CO,800043958
"WILDFLOWER INTERNATIONAL, LTD.",207724.69,USA,1500 S SAINT FRANCIS DR,SANTA FE,SANTA FE,NM,875054040
CARTRIDGE SAVERS INC,207300.48,USA,2801 COHO ST,MADISON,DANE,WI,537134531
"SCIENTIFIC SALES, INC.",206594.89,USA,130 VALLEY CT,OAK RIDGE,ANDERSON,TN,378308046
"FEDERAL PRISON INDUSTRIES, INC",203870.61,USA,3301 LEESTOWN RD,LEXINGTON,FAYETTE,KY,405118702
TOWN OF LANCASTER,203700,USA,21 CENTRAL AVE STE 5,LANCASTER,ERIE,NY,140862128
"RECONROBOTICS, INC",199861.6,USA,5251 W 73RD ST,EDINA,HENNEPIN,MN,554392221
RB & SON GENERAL CONTRACTORS INC,198417,USA,11442 122ND ST,SOUTH OZONE PARK,QUEENS,NY,114202023
KYOCERA DOCUMENT SOLUTIONS AMERICA INC,197932.06,USA,225 SAND RD,FAIRFIELD,ESSEX,NJ,70041575
PATRIOT COMM LLC,195653.22,USA,304 HARRY S TRUMAN PKWY,ANNAPOLIS,ANNE ARUNDEL,MD,214017379
B & H INTERNATIONAL LLC,194384.25,USA,4600 ASHE RD STE 311,BAKERSFIELD,KERN,CA,933132041
LOYAL SOURCE GOVERNMENT SERVICES LLC,192298.16,USA,"3680 AVALON PARK EAST BLVD., SUITE 310",ORLANDO,ORANGE,FL,328289374
KUB TECHNOLOGIES INC.,191750,USA,111 RESEARCH DR,STRATFORD,GREATER BRIDGEPORT,CT,66157126
"TYRRELLTECH, INC.",191476.5,USA,9045 MAIER RD STE A,LAUREL,HOWARD,MD,207231302
"CONVERGEONE SYSTEMS INTEGRATION, INC.",190774.69,USA,1820 PRESTON PK BLVD STE 2800,PLANO,COLLIN,TX,750933685
"BOB BARKER COMPANY, INC.",188365.21,USA,7925 PURFOY RD,FUQUAY VARINA,WAKE,NC,275268937
BOUND TREE MEDICAL LLC,187380.21,USA,5000 TUTTLE CROSSING BLVD,DUBLIN,FRANKLIN,OH,430161534
ADAPTIVE DIGITAL SYSTEMS INC,187350,USA,20322 SW ACACIA ST STE 200,NEWPORT BEACH,ORANGE,CA,926601504
KEYENCE CORPORATION OF AMERICA,185784.25,USA,669 RIVER DR,ELMWOOD PARK,BERGEN,NJ,74071361
STAR ASSET SECURITY LLC,184380.08,USA,"34 FREEDOM COURT, SUITE E",GREER,GREENVILLE,SC,296504525
NEW JERSEY DEPARTMENT OF TREASURY,180200,USA,125 W STATE ST,TRENTON,MERCER,NJ,86251101
INCA DIGITAL FEDERAL LLC,180000,USA,255 EAST FLAGLER STREET,MIAMI,MIAMI-DADE,FL,331311319
DEDRONE DEFENSE INC.,180000,USA,45662 TERMINAL DR,STERLING,LOUDOUN,VA,201664340
BSK CONSULTING LLC,180000,USA,2905 OLIVE ST NW,WASHINGTON,DISTRICT OF COLUMBIA,DC,200073330
"SOUTHERN POLICE EQUIPMENT COMPANY, INC.",177341.5,USA,7609 MIDLOTHIAN TPKE,NORTH CHESTERFIELD,CHESTERFIELD,VA,232355223
STATE INDUSTRIAL PRODUCTS CORP,173696.4,USA,5915 LANDERBROOK DR STE 300,CLEVELAND,CUYAHOGA,OH,441244034
FOSTER & FREEMAN USA INC,173301.77,USA,20145 ASHBROOK PL,ASHBURN,LOUDOUN,VA,201473373
"COMCAST BUSINESS COMMUNICATIONS, LLC",171967.44,USA,1701 JOHN F KENNEDY BLVD,PHILADELPHIA,PHILADELPHIA,PA,191032838
"KATMAI INTEGRATED SOLUTIONS, LLC",170792,USA,"11001 O'MALLEY CENTRE DRIVE, STE 204",ANCHORAGE,ANCHORAGE,AK,995153096
OCTASIC US INC.,167530,USA,310 N. WICKHAM RD STE 102,MELBOURNE,BREVARD,FL,329358623
K&L MICROWAVE LLC,167500,USA,2300 NORTHWOOD DR,SALISBURY,WICOMICO,MD,218017807
UNISON VIRTUAL ACQUISITION OFFICE LLC,165737.24,USA,21251 RIDGETOP CIR,DULLES,LOUDOUN,VA,201666644
"O'REILLY MEDIA, INC.",165182,USA,1005 GRAVINSTEIN HWY N,SEBASTOPOL,SONOMA,CA,954722811
DARBONNIER TACTICAL SUPPLY LLC,163980,USA,951 NE 21ST CT,OAK HARBOR,ISLAND,WA,982772715
"H. L. DALIS, INC.",163816,USA,3535 24TH ST,ASTORIA,QUEENS,NY,111064416
"ERAD GROUP, INC.",162500,USA,5301 ALPHA RD STE 80-17,DALLAS,DALLAS,TX,752404355
SAN DIEGO ASSOCIATION OF GOVERNMENTS,162441,USA,401 B STE 800,SAN DIEGO,SAN DIEGO,CA,921014231
"HR ANEW, INC.",161450,USA,10015 OLD COLUMBIA RD STE B215,COLUMBIA,HOWARD,MD,210461865
"GEE WHIZ SOFTWARE, LLC",159201,USA,6540 MULBERRY ST,SAN DIEGO,SAN DIEGO,CA,921141505
"A&B CONSTRUCTION, LLC",158216.05,USA,3512 PRINCESS ANN ST,MONTGOMERY,MONTGOMERY,AL,361091534
TIDEWATER DISTRIBUTORS LLC,157160.82,USA,700 TIDEWATER DRIVE,NORFOLK,NORFOLK (CITY),VA,235043324
CAUDENA CORP,156000,USA,225 CHERRY ST APT 42L,NEW YORK,NEW YORK,NY,100025586
"ASSETFORFEITURELAW, LLC",156000,USA,10609 RACHEL YATES CT,LAUREL,HOWARD,MD,207235729
ADVANCED MATERIAL HANDLING LLC,155710,USA,6000 PLUMMER RD SW,ATLANTA,FULTON,GA,303362939
CUMMINS ALLISON CORP,153680,USA,852 FEEHANVILLE DR,MOUNT PROSPECT,COOK,IL,600566001
XENTURIS LLC,153624.5,USA,3010 SANTA FE CT,MISSOULA,MISSOULA,MT,598081730
"HRWORX, LLC",151470,USA,112 MACHRIE,WILLIAMSBURG,JAMES CITY,VA,231887427
908 DEVICES INC,151251.35,USA,645 SUMMER ST,BOSTON,SUFFOLK,MA,22102135
CIPHERTRACE INC,150000,USA,1119 THE DALLES AVE,SUNNYVALE,SANTA CLARA,CA,940873814
"TRI-TECH FORENSICS, INC.",149935.07,USA,8770 TRADE ST NE,LELAND,BRUNSWICK,NC,284518894
"SIRONA DENTAL, INC.",148333.2,USA,30-30 47TH AVE STE 500,LONG ISLAND CITY,QUEENS,NY,111013492
THE BLACK DIAMOND GUN CLUB,147618.5,USA,34816 ENUMCLAW BLACK DIAMOND RD SE,BLACK DIAMOND,KING,WA,980109719
"BETTER DIRECT, LLC",147589.09,USA,2425 E UNIVERSITY DR,TEMPE,MARICOPA,AZ,852813110
"GENERAC POWER SYSTEMS, INC.",144585,USA,S45W29290 STATE ROAD 59,WAUKESHA,WAUKESHA,WI,531899071
ORSA TECHNOLOGIES LLC,143740.6,USA,15035 N 75TH ST,SCOTTSDALE,MARICOPA,AZ,85260
"MRM EEO SERVICES, INC",143125,USA,3031 NANTUCKET CV NE,CONYERS,ROCKDALE,GA,300122665
CERIFI LLC,142500,USA,3625 BROOKSIDE PKWY,ALPHARETTA,FULTON,GA,300223783
"SPECIALTY VEHICLE SOLUTIONS, LLC",142169.79,USA,262 N OTTERDALE RD,MIDLOTHIAN,CHESTERFIELD,VA,231136509
"RAMSEY ELECTRONICS, LLC",140856,USA,590 FISHERS STATION DR # 3,VICTOR,ONTARIO,NY,145649744
SAMPSON PARTNERS LLC,140770.5,USA,22 LAUGHING GULL LN,PALM COAST,FLAGLER,FL,321372461
COUNTY OF OAKLAND,138904.5,USA,1200 N TELEGRAPH RD DEPT 470,PONTIAC,OAKLAND,MI,483411036
"XY-SYSTEMS, INC.",138271,USA,1633 WESTWOOD BLVD,LOS ANGELES,LOS ANGELES,CA,900245603
WEST PUBLISHING CORPORATION,137729.64,USA,2900 AMES CROSSING RD STE 100,EAGAN,DAKOTA,MN,551212498
PAUL LEE,136032.78,USA,1800 JOHN F KENNEDY BLVD STE 300,PHILADELPHIA,PHILADELPHIA,PA,191037402
"STRONG BUILDERS, INC",135500,USA,648 FM 126,MERKEL,TAYLOR,TX,795364308
"OOKLA, LLC",134984,USA,1524 5TH AVE,SEATTLE,KING,WA,981011654
VERSATERM PUBLIC SAFETY US INC,134193.36,USA,1 N MACDONALD STE 500,MESA,MARICOPA,AZ,852017346
ETS-LINDGREN INC,133600,USA,1360 N WOOD DALE RD STE G,WOOD DALE,DUPAGE,IL,601911075
"NOBLIS, INC.",133569.67,USA,"620 DISCOVERY DRIVE NW, BUILDING 2, SUITE 205",HUNTSVILLE,MADISON,AL,358062828
MYSTAIRE INC,132795,USA,1200 TELECOM DR,CREEDMOOR,GRANVILLE,NC,275229463
PENDAR TECHNOLOGIES LLC,132717.89,USA,30 SPINELLI PL,CAMBRIDGE,MIDDLESEX,MA,21381070
BULFINCH UNIT A OWNER LLC,131250,USA,1 CONGRESS ST,BOSTON,SUFFOLK,MA,21142023
GALVION LTD,131088.18,USA,160 CORPORATE DR,PORTSMOUTH,ROCKINGHAM,NH,38016815
DIGITAL PATH INC,129600,USA,1065 MARAUDER ST,CHICO,BUTTE,CA,959739039
BLUEPATH LABS LLC,129570.39,USA,2101 L ST NW STE 800,WASHINGTON,DISTRICT OF COLUMBIA,DC,200371657
S&P GLOBAL MARKET INTELLIGENCE LLC,129500,USA,55 WATER ST FL 40,NEW YORK,NEW YORK,NY,100410004
"V3GATE, LLC",129489.9,USA,555 MIDDLE CREEK PKWY STE 120,COLORADO SPRINGS,EL PASO,CO,809213798
ADB CONSULTING SERVICES LLC,128540.77,USA,12809 WOODMORE NORTH BLVD,BOWIE,PRINCE GEORGE'S,MD,207204771
SILVER EAGLE GROUP NORTHERN VIRGINIA LLC,127050,USA,21550 BEAUMEADE CIR,ASHBURN,LOUDOUN,VA,201476051
"TEEL, INC.",125965,USA,22 KNIGHT ST,NORWALK,WESTERN CONNECTICUT,CT,68514747
"CAPRICE ELECTRONICS, INC",125076.48,USA,2902 W 37 ST,BROOKLYN,KINGS,NY,112241412
CHARIOT COURIER & TRANSPORTATION SERVICES LIMITED LIABILITY COMPANY,124012,USA,7 PARR DR,SAYREVILLE,MIDDLESEX,NJ,88721084
ALEGNA INC,122130.4,USA,2810 N KINGSTON DR,PEORIA,PEORIA,IL,616042145
"TADE GROUP, LLC",122033.7,USA,1725 I ST NW STE 300,WASHINGTON,DISTRICT OF COLUMBIA,DC,200062423
SOURCEAMERICA,121229.92,USA,8401 OLD COURTHOUSE RD,VIENNA,FAIRFAX,VA,221823820
OGIS COMMUNICATION GROUP INC,121000,USA,1550 MAGNOLIA DR STE J,CINCINNATI,HAMILTON,OH,452151914
"ACCURACY INTERNATIONAL OF NORTH AMERICA, INC.",119353.44,USA,3410 SHANNON PARK DR,FREDERICKSBURG,SPOTSYLVANIA,VA,224082373
MAINSCAPE INC,119105.68,USA,13418 BRITTON PARK RD,FISHERS,HAMILTON,IN,460383583
"LIFE SAFETY GROUP, LLC",119040,USA,12512 KNIGHTSBRIDGE CT,ROCKVILLE,MONTGOMERY,MD,208503731
VOLTER ELECTRICAL CONSTRUCTION CORP,118782.24,USA,14081 PEBBLE HILLS BLVD.,EL PASO,EL PASO,TX,799382666
SIGNALSCAPE INC,117751.79,USA,200 REGENCY FOREST DR STE 310,CARY,WAKE,NC,275188695
"ADVANCED BUSINESS SOFTWARE CONSULTING, LLC",117300,USA,11890 SUNRISE VALLEY DR STE 515,RESTON,FAIRFAX,VA,201913302
Z BAR SUPPLY COMPANY LLC,116757,USA,230 COUNTY ROAD 65,MULESHOE,LAMB,TX,793475240
BATTELLE MEMORIAL INSTITUTE,116176.66,USA,505 KING AVE,COLUMBUS,FRANKLIN,OH,432012696
BOTACH INC.,115905.9,USA,4775 W HARMON AVE,LAS VEGAS,CLARK,NV,891035215
SOUTHSIDE GARAGE AND USED AUTO PARTS LLC,115770,USA,333 BRENNAN RD,COLUMBUS,MUSCOGEE,GA,319032010
VISUAL LANGUAGE PROFESSIONALS LLC,115241.92,USA,12938 LEMUR LN,CYPRESS,HARRIS,TX,774293513
ENSIGN-BICKFORD AEROSPACE & DEFENSE COMPANY,115237.3,USA,640 HOPMEADOW ST,SIMSBURY,CAPITOL,CT,60702420
"IRONCOMPANY.COM, LLC",115193,USA,14325 GILLIS RD STE 150,FARMERS BRANCH,DALLAS,TX,75244
COUNTY OF PALM BEACH,114165,USA,3228 GUN CLUB RD,WEST PALM BEACH,PALM BEACH,FL,334063001
"MERRIMAC PETROLEUM, INC",110709.97,USA,3738 BAYER AVE STE 204,LONG BEACH,LOS ANGELES,CA,908081883
PERFECT FIT,110515,USA,39 STETSON RD,CORINNA,PENOBSCOT,ME,49283617
"EWA GOVERNMENT SYSTEMS, INC.",110000,USA,13873 PARK CENTER RD STE 500,HERNDON,FAIRFAX,VA,201713251
ACE PARKING MANAGEMENT INC,109650,USA,645 ASH ST,SAN DIEGO,SAN DIEGO,CA,921013211
"TYLER FEDERAL, LLC",109130.71,USA,12901 WORLDGATE DR STE 800,HERNDON,FAIRFAX,VA,201706014
"CAPTURE TECHNOLOGIES, INC.",106120.95,USA,6060 SUNRISE VISTA DR,CITRUS HEIGHTS,SACRAMENTO,CA,956107071
SOFTWARE INFORMATION RESOURCE CORP.,105617.08,USA,730 24TH ST NW STE 3,WASHINGTON,DISTRICT OF COLUMBIA,DC,200372500
"CANON U.S.A., INC.",104553.36,USA,"4100 N. FAIRFAX DRIVE, SUITE 200",ARLINGTON,ARLINGTON,VA,222031678
A&A HARRIS ENTERPRISES,104426.58,USA,2209 HARBOR BAY PKWY,ALAMEDA,ALAMEDA,CA,945023026
"TRAINING, REHABILITATION, & DEVELOPMENT INSTITUTE, INC.",104186.25,USA,425 SOLEDAD STE 800,SAN ANTONIO,BEXAR,TX,782051553
SECURADYNE SYSTEMS INTERMEDIATE LLC,102113.96,USA,3440 SOJOURN DR STE 220,CARROLLTON,DALLAS,TX,750062396
"DLT SOLUTIONS, LLC",101421.41,USA,2411 DULLES CORNER PARK SUITE 800,HERNDON,FAIRFAX,VA,201716168
"COMCAST CABLE COMMUNICATIONS, LLC",101093.75,USA,8590 WEST TIDWELL,HOUSTON,HARRIS,TX,770405569
"BMT CONSULTING, INC.",100188,USA,1337 LOCUST RD NW,WASHINGTON,DISTRICT OF COLUMBIA,DC,200121325
BRANDON STAFFING SOLUTIONS LLC,97804.25,USA,207 HAMPSTEAD DR,WYLIE,COLLIN,TX,750987385
UTAH COMMUNICATIONS AUTHORITY,97702,USA,5215 W WILEY POST WAY STE 550,SALT LAKE CITY,SALT LAKE,UT,841163132
TONERQUEST INC.,97500,USA,241 37TH ST STE 302,BROOKLYN,KINGS,NY,112322417
ECOLAB INC,96126.74,USA,1 ECOLAB PL,SAINT PAUL,RAMSEY,MN,551022739
"AUGUST SCHELL ENTERPRISES, INC.",95946.66,USA,1700 ROCKVILLE PIKE STE 405,ROCKVILLE,MONTGOMERY,MD,208521631
DELUXE DELIVERY SYSTEMS INC.,95692,USA,64 W 48TH ST 4TH FL,NEW YORK,NEW YORK,NY,100361716
WOODLAND PARK RANGE II LLC,94920,USA,1267 MCBRIDE AVE,WOODLAND PARK,PASSAIC,NJ,7424
CROSSROADS COURIER INC,94758.97,USA,2008 ALTOM CT,SAINT LOUIS,ST. LOUIS,MO,631464151
SHI INTERNATIONAL CORP,94704.62,USA,290 DAVIDSON AVE STE 101,SOMERSET,SOMERSET,NJ,88734179
VETERAN TECHNOLOGY PARTNERS II LLC,93786.6,USA,20 W KINZIE ST STE 17,CHICAGO,COOK,IL,606546393
"PREFERRED MEAL SYSTEMS, INC.",93602.48,USA,5240 ST CHARLES RD,BERKELEY,COOK,IL,601630000
"LEADSONLINE PARENT, LLC",92546,USA,6900 DALLAS PKWY STE 825,PLANO,COLLIN,TX,750244200
ESCARPMENT ARMS INC,92364.75,USA,1312 RIDGE RD,LEWISTON,NIAGARA,NY,140929749
LEADSONLINE LLC,91912,USA,6900 DALLAS PKWY STE 825,PLANO,COLLIN,TX,750244200
RELIANCE CONTRACTORS INC,91722.08,USA,1800 SW 1ST AVE STE 605,MIAMI,MIAMI-DADE,FL,331291181
ACTION TARGET INC,91209.15,USA,3411 S MOUNTAIN VISTA PKWY,PROVO,UTAH,UT,846065563
CONTINENTAL TRANSPORTATION SOLUTIONS INC,89846.48,USA,11697 W GRAND AVE,NORTHLAKE,COOK,IL,601641302
CRYPTO ASSET TECHNOLOGY LABS INC,89700,USA,1010 S FEDERAL HWY FL 14,HALLANDALE BEACH,BROWARD,FL,330097181
ALL HANDS FIRE EQUIPMENT LLC,89104.98,USA,7 THIRD AVENUE,NEPTUNE,MONMOUTH,NJ,77536513
OXYGEN FORENSICS INC,88676.3,USA,909 N WASHINGTON ST # 300,ALEXANDRIA,ALEXANDRIA (CITY),VA,223145510
MASHIMA ELECTRIC LLC,88438.09,USA,91-1012 IPOLANI ST,KAPOLEI,HONOLULU,HI,967073062
"TRIVAN TRUCK BODY, LLC",88373,USA,1385 W SMITH RD,FERNDALE,WHATCOM,WA,982488930
BUSINESS AND ENGINEERING SYSTEMS CORP,88200,USA,20098 ASHBROOK PL STE 200,ASHBURN,LOUDOUN,VA,201473393
"ABM FEDERAL SALES, INC.",87397.86,USA,625 MARYVILLE CENTRE DR STE 160,SAINT LOUIS,ST. LOUIS,MO,631415834
PELLERIN MILNOR CORPORATION,87277.25,USA,700 JACKSON ST,KENNER,JEFFERSON,LA,700627774
DOCUMENT IMAGING DIMENSIONS INC.,86944.18,USA,205 BEAVER ST,YORKVILLE,KENDALL,IL,605601720
HIBLER NEIL S PHD ABBP,86550,USA,6565 BROOKS PL,FALLS CHURCH,FAIRFAX,VA,220441106
SAF ENG ASSOCIATES INC,86427,USA,301 CENTER ST,ENGLEWOOD CLIFFS,BERGEN,NJ,76321622
"IPQUALITYSCORE, LLC",86387.89,USA,600 BRICKELL AVE STE 3500,MIAMI,MIAMI-DADE,FL,331313090
LIVEU INC.,86359.2,USA,2 UNIVERSITY PLZ STE 505,HACKENSACK,BERGEN,NJ,76016210
OER SERVICES LLC,85500,USA,717 S VERMONT ST,PALATINE,COOK,IL,600677138
"KOOLER ICE, INC",84880,USA,510 DUNBAR RD,BYRON,PEACH,GA,310087675
AJIDE TECHNOLOGY CORP,84296.54,USA,435 SPRING AIR DR,ALLEN,COLLIN,TX,750025319
AMERICAN IMMIGRATION LAWYERS ASSOCIATION,84256,USA,1331 G ST NW STE 300,WASHINGTON,DISTRICT OF COLUMBIA,DC,200053101
"OMNI BUSINESS SYSTEMS, INC",84253.44,USA,2850 EISENHOWER AVE,ALEXANDRIA,ALEXANDRIA (CITY),VA,223144565
"SWANK MOTION PICTURES, INC.",83160.45,USA,10795 WATSON RD,SAINT LOUIS,ST. LOUIS,MO,631271012
HEADSPACE INC,82500,USA,2415 MICHIGAN AVE,SANTA MONICA,LOS ANGELES,CA,904044092
NATIONAL TACTICAL OFFICERS ASSOCIATION,82285,USA,7150 CAMPUS DR,COLORADO SPRINGS,EL PASO,CO,809206518
"SOS SOLUTIONS, LLC.",81676.89,USA,496 HIGHPOINT CROSSING,POWDER SPRINGS,COBB,GA,30127
AMS GLOBAL INC,81611.34,USA,107 MITCHELL LN,DE QUEEN,SEVIER,AR,718328814
"NEW TECH SOLUTIONS, INC.",80621.19,USA,4179 BUSINESS CENTER DR,FREMONT,ALAMEDA,CA,945386355
"MINUTEMAN SECURITY TECHNOLOGIES, INC.",80323.08,USA,1 CONNECTOR RD,ANDOVER,ESSEX,MA,18105931
WALGREEN CO.,79880.6,USA,200 WILMOT RD STE 2002,DEERFIELD,LAKE,IL,600154620
BOSS INNOVATION & MARKETING INC,79659.78,USA,30081 COMERCIO,RANCHO SANTA MARGARITA,ORANGE,CA,926882106
"NORD/ATLANTIC TRADING, INC.",77749.4,USA,728 LANDSHARK BLVD,DAYTONA BEACH,VOLUSIA,FL,321243728
UNITED PARCEL SERVICE CO.,77273.59,USA,1400 N HURSTBOURNE PKWY,LOUISVILLE,JEFFERSON,KY,402234015
"C2G, LTD CO.",76773.91,USA,110 MALLOCK CT,GOOSE CREEK,BERKELEY,SC,294455446
LOW KOUNTRY INK MOBILE NOTARY LLC,75089.5,USA,6120 COLLEGE ST,BEAUMONT,JEFFERSON,TX,777073444
"TACMED SIMULATION, INC",75086.41,USA,1250 HARRIS BRIDGE RD,ANDERSON,ANDERSON,SC,296213409
OHIO DEPARTMENT OF ADMINISTRATIVE SERVICES,75000,USA,30 E BROAD ST FL 39,COLUMBUS,FRANKLIN,OH,432153414
"GRACIE GLOBAL, LLC",75000,USA,2440 W CARSON ST,TORRANCE,LOS ANGELES,CA,905013146
HARTFORD PARKING AUTHORITY,74490,USA,11 ASYLUM ST,HARTFORD,CAPITOL,CT,61032209
"AMERICAN ALARM & COMMUNICATIONS, INC.",73799.16,USA,297 BROADWAY,ARLINGTON,MIDDLESEX,MA,24745310
"BRINC DRONES, INC",72996,USA,3668 ALBION PL N,SEATTLE,KING,WA,981037904
"COMMONWEALTH INDUSTRIES, LLC",72949.53,USA,17074 LEE HWY STE B,ABINGDON,WASHINGTON,VA,242107876
REGULA FORENSICS INC,71500,USA,1851 ALEXANDER BELL DRIVE,RESTON,FAIRFAX,VA,201915331
ACCESS COMMUNICATIONS GROUP LLC,71500,USA,11153 W ELM ST,PHOENIX,MARICOPA,AZ,85037
ARROW SAFETY DEVICE CO.,71343.24,USA,123 DIXSON DRIVE,SELBYVILLE,SUSSEX,DE,199753022
"COX VIRGINIA TELCOM, L.L.C",71288.07,USA,1341 CROSSWAYS BLVD,CHESAPEAKE,CHESAPEAKE (CITY),VA,233202897
"THE MEDALCRAFT MINT, INC.",70143.03,USA,2660 W MASON ST,GREEN BAY,BROWN,WI,543034963
INNOVATIVE VEHICLE SOLUTIONS LLC,69872,USA,3241 BENCHMARK DR,LADSON,CHARLESTON,SC,294563862
FEDSTORE CORPORATION,69795.6,USA,1 RESEARCH CT STE 450,ROCKVILLE,MONTGOMERY,MD,20850
"LIONHEART ALLIANCE, LLC",69158.17,USA,1345 TAYLOR FARM RD,VIRGINIA BEACH,VIRGINIA BEACH (CITY),VA,234533171
AMERICAN PUBLIC TRAINING LLC,69138,USA,600 MARYLAND AVE SW,WASHINGTON,DISTRICT OF COLUMBIA,DC,200242520
"FERBAK, INC.",68430,USA,9030 BALBOA BLVD,NORTHRIDGE,LOS ANGELES,CA,913252610
DENVER HEALTH AND HOSPITAL AUTHORITY,68147.5,USA,777 BANNOCK ST,DENVER,DENVER,CO,802044507
ECOLOGY MIR GROUP LLC,67788.31,USA,10432 BALLS FORD RD STE 300,MANASSAS,PRINCE WILLIAM,VA,201092517
"GRANITE MOUNTAIN INDUSTRIES, LLC",67655,USA,170 JOHN ROBERTS RD STE 18,SOUTH PORTLAND,CUMBERLAND,ME,41063256
"MA FEDERAL, INC.",67123.43,USA,12030 SUNRISE VALLEY DR STE 300,RESTON,FAIRFAX,VA,201913447
"TELEPHONE SYSTEMS, INC.",66978,USA,1013 S MARTIN LUTHER KING JR BLVD,TALLAHASSEE,LEON,FL,323012238
PHOENIX TRADING INC,66583.21,USA,17661 128TH PL NE,WOODINVILLE,KING,WA,980728783
"BARRIER1 SYSTEMS, LLC",66262.21,USA,8015 THORNDIKE RD,GREENSBORO,GUILFORD,NC,274099412
"HYSTER-YALE GROUP, INC.",65163,USA,1400 SULLIVAN DR,GREENVILLE,PITT,NC,278349007
CENTRIFUGE TRAINING SOLUTIONS LLC,64675,USA,6321 KENWICK AVE,BENBROOK,TARRANT,TX,761164630
HUBSTREAM INC,62750,USA,14725 NE 20TH ST STE D 44,BELLEVUE,KING,WA,980073732
THE AMERICAN CORRECTIONAL ASSOCIATION,62500,USA,206 N WASHINGTON ST STE 200,ALEXANDRIA,ALEXANDRIA (CITY),VA,223142528
G2 GOVERNMENT SOLUTIONS LLC,62402,USA,16701 MELFORD BLVD STE 400,BOWIE,PRINCE GEORGE'S,MD,207154411
INSTALLATION MORALE WELFARE RECREATION FUND,62400,USA,BUILDING 11 PERSHING RD,EL PASO,EL PASO,TX,79916
VARI SALES CORP,62397,USA,450 FREEPORT PKWY,COPPELL,DALLAS,TX,750194957
GARCIAS JANITORIAL,62279.52,USA,765 S SANTA FE ST,DEMING,LUNA,NM,880304361
MIDEO SYSTEMS INC,62069.16,USA,1651 N COLLINS BLVD,RICHARDSON,DALLAS,TX,750803621
AMERICAN EXPEDITING COMPANY,61470.45,USA,2215 ARCH ST STE 1,PHILADELPHIA,PHILADELPHIA,PA,191031328
"TMG 1953 GALLOWS ROAD, L.L.C.",60838.54,USA,3 BETHESDA METRO CTR,BETHESDA,MONTGOMERY,MD,208146306
RAYSECUR INC,60787.25,USA,49 BAY STATE RD,CAMBRIDGE,MIDDLESEX,MA,21381203
AVMEDICAL LLC,60778.48,USA,4037 RURAL PLAINS CIR,FRANKLIN,WILLIAMSON,TN,370641868
"USA COURIERS, INC.",60480,USA,1320 CENTRE ST #202,NEWTON,MIDDLESEX,MA,24592400
MACQUEEN MICHAEL C,60450,USA,4319 WOODBERRY ST,UNIVERSITY PARK,PRINCE GEORGE'S,MD,207821174
"CDS ANALYTICAL, LLC",60254.47,USA,465 LIMESTONE RD,OXFORD,CHESTER,PA,193631235
FORTRA LLC,58862.89,USA,6455 CITY W PKWY,EDEN PRAIRIE,HENNEPIN,MN,553443246
"JWM WHOLESALE, INC.",57822.79,USA,3930 WESTHOLME DR STE 200,HOUSTON,HARRIS,TX,770636314
DALLAS CHILDRENS ADVOCACY CENTER,57500,USA,5351 SAMUELL BLVD,DALLAS,DALLAS,TX,752286720
PACKET FORENSICS LLC,57422,USA,576 N BIRDNECK RD #710,VIRGINIA BEACH,VIRGINIA BEACH (CITY),VA,234516374
ALTA LANGUAGE SERVICES INC,57355.1,USA,3355 LENOX RD NE STE 450,ATLANTA,FULTON,GA,303261359
COMCAST GOVERNMENT SERVICES LLC,56891.08,USA,11951 FREEDOM DR STE 900,RESTON,FAIRFAX,VA,201905674
"TRIMECH SOLUTIONS, LLC",56510,USA,4991 LAKE BROOK DR STE 300,GLEN ALLEN,HENRICO,VA,230609293
"DYNAMIC ADVANTAGE, INC",55407.47,USA,100 E OLD COUNTRY RD STE 5,MINEOLA,NASSAU,NY,115014614
DETECTACHEM INC.,54925,USA,120 INDUSTRIAL BLVD,SUGAR LAND,FORT BEND,TX,774783128
"SILVUS TECHNOLOGIES, INC.",54889.6,USA,10990 WILSHIRE BLVD,LOS ANGELES,LOS ANGELES,CA,900243957
"K & M PRECISION RIFLE TRAINING, LLC",54200,USA,774 CONNER RD,FINGER,MCNAIRY,TN,383342806
SIMTEK MODULAR LLC,53880,USA,1418 N 80 E,AMERICAN FORK,UTAH,UT,840031247
"SUPREME SECURITY SYSTEMS, INC.",53560,USA,1565 UNION AVE,UNION,UNION,NJ,70834770
RESCUE INTERNATIONAL,53340,USA,66 OAK ST,DELAWARE WATER GAP,MONROE,PA,183278713
"COXCOM, LLC",53044.08,USA,6205B PEACHTREE DUNWOODY RD,ATLANTA,FULTON,GA,303284524
SORINEX EXERCISE EQUIPMENT INC,52382.75,USA,193 LITTON DR,LEXINGTON,LEXINGTON,SC,290738010
HURON VALLEY GUNS,52250,USA,56477 GRAND RIVER AVENUE,NEW HUDSON,OAKLAND,MI,481658528
"SAN DIEGO, COUNTY OF",52211.04,USA,9621 RIDGEHAVEN CT,SAN DIEGO,SAN DIEGO,CA,921231636
FN AMERICA LLC,51650,USA,797 OLD CLEMSON RD,COLUMBIA,RICHLAND,SC,292294203
WYNNPRO LLC,51075.62,USA,5310 ASHBROOK DR,HOUSTON,HARRIS,TX,770814102
OPSEC SECURITY INC,51040,USA,1857 COLONIAL VILLAGE LN,LANCASTER,LANCASTER,PA,176016702
"EJ2 COMMUNICATIONS, INC",50000,USA,142 W 36TH ST,NEW YORK,NEW YORK,NY,100188793
"WILLIAM S. HEIN & CO., INC.",49892.1,USA,2350 NORTH FOREST RD,GETZVILLE,ERIE,NY,140681296
"BEAM DISTRIBUTING, INC.",49887.4,USA,317 HILL CARTER PKWY,ASHLAND,HANOVER,VA,230052315
"EXCENTIUM, INC",48970,USA,1768 BUSINESS CENTER DR,RESTON,FAIRFAX,VA,201905358
"RILEY, WELCH, LAPORTE & ASSOCIATES FORENSIC LABORATORIES, INC.",48500,USA,285 KINGSBROOK DR,FRANKENMUTH,SAGINAW,MI,487341269
ANSI NATIONAL ACCREDITATION BOARD LLC,48460,USA,330 E KILBOURN AVE STE 925,MILWAUKEE,MILWAUKEE,WI,532023149
"GRAVOTECH, INC.",48328.6,USA,2200 NORTHMONT PKWY,DULUTH,GWINNETT,GA,300965895
W S DARLEY & CO,48000,USA,325 SPRING LAKE DR,ITASCA,DUPAGE,IL,601432072
"FLEXRADIO, INC.",48000,USA,4616 W HOWARD LN STE 1 150,AUSTIN,TRAVIS,TX,787286303
RICHARD TERRY TIFT,47600,USA,6076 VIA HERMOSA CT,EL PASO,EL PASO,TX,799122657
EMPOWER VIRTUAL CONNECT LLC,47460,USA,510 PINEHURST DR,ELDRIDGE,SCOTT,IA,527482108
TOWN OF ISLIP,46800,USA,50 IRISH LN,EAST ISLIP,SUFFOLK,NY,117302003
TELE-COMMUNICATION INC,46787.08,USA,2075 E GOVERNORS CIR,HOUSTON,HARRIS,TX,77092
"RAFAY MOBILE, INC.",45612,USA,5710 5TH AVE,BROOKLYN,KINGS,NY,112203816
DISSECT CYBER INC,45600,USA,36 SHERMAN ST,NORTH KINGSTOWN,WASHINGTON,RI,28525153
METRO MAIL SERVICES INC,45413.76,USA,4068 TARPON LN,WOODBRIDGE,PRINCE WILLIAM,VA,221932333
CDW GOVERNMENT LLC,45257.43,USA,230 N MILWAUKEE AVE,VERNON HILLS,LAKE,IL,600614304
CAMBRIDGE INTELLIGENCE INC,45000,USA,110 CANAL ST FL 3,LOWELL,MIDDLESEX,MA,18524574
FOCUS CAMERA LLC,44999,USA,905 MCDONALD AVE,BROOKLYN,KINGS,NY,112185611
"TRUKINETICS, LLC",44748,USA,2687 S RACINE CT,GILBERT,MARICOPA,AZ,852951446
MESA CITY OF,44400,USA,55 CENTER ST,MESA,MARICOPA,AZ,852017320
"BLUE STEEL RANGES, LLC",44400,USA,1655 MICHIGAN RD,PORT HURON,ST. CLAIR,MI,480604725
BZ DEFENSE LLC,43226.1,USA,1855 1ST AVE,SAN DIEGO,SAN DIEGO,CA,921012650
"COMBAT SHOOTER, INC.",43200,USA,11500 CROSSROADS CIR,BALTIMORE,BALTIMORE,MD,212203058
HEATHER KOSTECKI,43000,USA,1204 ELVERTON CT,CHESAPEAKE,CHESAPEAKE (CITY),VA,233211288
"HDR ENVIRONMENTAL, OPERATIONS AND CONSTRUCTION, INC.",42896.11,USA,9781 S MERIDIAN BLVD STE 400,ENGLEWOOD,DOUGLAS,CO,801125936
YOUNG SCALE CO LLC,42782.7,USA,1733 HAU ST,HONOLULU,HONOLULU,HI,968193252
FACILITY MAINTENANCE CORP LLC,42660,USA,3899 SOUTH MAINT ST,WINSTON SALEM,FORSYTH,NC,27127
KORE 125 JOHN CARPENTER LLC,42600,USA,3200 PARK CENTER DR STE 600,COSTA MESA,ORANGE,CA,926267226
"ERS EMERGENCY RESPONDER SERVICES, INC.",42071.1,USA,1204 6TH ST NORTH,NAMPA,CANYON,ID,836873420
"LAFAYETTE INSTRUMENT COMPANY, LLC",41951.5,USA,3700 SAGAMORE PKWY N,LAFAYETTE,TIPPECANOE,IN,479041066
ALLWAYS SHRED INC,41736,USA,3909 MEMO CT,RALEIGH,WAKE,NC,276101375
"PREMIER & COMPANIES, INC.",41644.7,USA,525 WINDSOR DR,SECAUCUS,HUDSON,NJ,70942708
"TELCO SOLUTIONS, INC.",41217,USA,6446 WARWICK AVE,NAPLES,COLLIER,FL,341138231
IMPERIAL COUNTY,41031.8,USA,940 W MAIN ST STE 208,EL CENTRO,IMPERIAL,CA,922432879
PREMIER BUSINESS PRODUCTS INC.,40761.49,USA,1409 FOOTHILL BLVD,LA VERNE,LOS ANGELES,CA,917503451
TRANSPACIFIC COMMUNICATIONS LLC,40500,USA,11844 BRIGHT PSGE,COLUMBIA,HOWARD,MD,210444362
KELLEY CREATE CO,40357.2,USA,22710 72ND AVE S,KENT,KING,WA,980321926
POWER FITNESS INC,40064.45,USA,1914 WOODRUFF RD,GREENVILLE,GREENVILLE,SC,296075937
REGUPOL ZEBRA ATHLETICS LLC,39822.98,USA,11 RITTER WAY,LEBANON,LEBANON,PA,170429761
"HERGO ERGONOMIC SUPPORT SYSTEMS, INC.",39739.97,USA,3530 LAWSON BLVD,OCEANSIDE,NASSAU,NY,115724908
"COSTCONTROL USA, LLC",39549,USA,"200 E. PRATT ST, STE 4100",BALTIMORE,BALTIMORE (CITY),MD,212026155
"W.W. GRAINGER, INC.",39436.32,USA,"100, GRAINGER PARKWAY",LAKE FOREST,LAKE,IL,600455202
"J & N TACTICAL, LLC",39165,USA,10915 OLIVER AVE NW,SOUTH HAVEN,WRIGHT,MN,553823300
"ECHELON FRONT, LLC",38640,USA,421 SPORTSPLEX DR UNIT 3,DRIPPING SPRINGS,HAYS,TX,786205649
STREICHERS INC,38560,USA,10911 HIGHWAY 55,MINNEAPOLIS,HENNEPIN,MN,554416128
"ALTEC INDUSTRIES, INC.",38444.57,USA,210 INVERNESS CENTER DR,BIRMINGHAM,SHELBY,AL,352424834
"FIVE STONES INTELLIGENCE, INC.",38300,USA,1616 H ST NW,WASHINGTON,DISTRICT OF COLUMBIA,DC,200064903
"WORD SYSTEMS, LLC",38092,USA,9045 RIVER RD STE 125,INDIANAPOLIS,MARION,IN,462406453
ARAYNA TECHNOLOGY SOLUTIONS LLC,37596,USA,4133 VENETO DR,FRISCO,DENTON,TX,750337126
CIH SUPPORT LLC,37566.46,USA,101 LA RIVIERE RD,COCOA BEACH,BREVARD,FL,329312607
"CHARTER COMMUNICATIONS OPERATING, LLC",37557.24,USA,12405 POWERSCOURT DR,SAINT LOUIS,ST. LOUIS,MO,631313673
SLAM TECHNICAL SERVICES LLC,37014,USA,222 CATOCTIN CIR SE,LEESBURG,LOUDOUN,VA,201753730
"DIRECTV, LLC",36174.44,USA,2260 E IMPERIAL HWY,EL SEGUNDO,LOS ANGELES,CA,902453501
ON TARGET FIREARMS & INDOOR RANGE LLC,36000,USA,1852 BRIDGE ST,DRACUT,MIDDLESEX,MA,18262645
A-BEAR CONSULT LLC,35610,USA,408 RICHARD ST,CROWLEY,TARRANT,TX,760361187
INTERNATIONAL ASSOCIATION OF CHIEFS OF POLICE,35400,USA,44 CANAL CENTER PLZ STE 200,ALEXANDRIA,ALEXANDRIA (CITY),VA,223141579
FLIGHTWAVE AEROSPACE SYSTEMS CORP,35300,USA,1617 BROADWAY FL 3,SANTA MONICA,LOS ANGELES,CA,904042717
CROWN GYM MATS INC,35214,USA,27 W 929 INDUSTRIAL AV,BARRINGTON,COOK,IL,60010
"ANGELES SHOOTING RANGES, INCORPORATED",35200,USA,12651 LITTLE TUJUNGA CANYON RD,SYLMAR,LOS ANGELES,CA,913426311
OFFICE LEADER CORP,35037,USA,199 LEE AVE SUITE 134,BROOKLYN,KINGS,NY,112118919
"RISKIQ, INC.",35000,USA,22 BATTERY 10TH FLR,SAN FRANCISCO,SAN FRANCISCO,CA,941115524
"HALO GROUP, INC.",34825,USA,1970 STENMARK DR,RICHMOND,CONTRA COSTA,CA,94802
STAR EV CORPORATION,34766,USA,378 NEELY FERRY RD,SIMPSONVILLE,GREENVILLE,SC,296806232
"L-3 COMMUNICATIONS EOTECH, INC.",34705.52,USA,3600 GREEN COURT SUITE 400,ANN ARBOR,WASHTENAW,MI,481051570
SIRIUS FEDERAL LLC,34562,USA,2151 PRIEST BRIDGE DR,CROFTON,ANNE ARUNDEL,MD,211142478
DIGITAL BARRIERS USA INC,34500,USA,328 VICTORY DR,HERNDON,FAIRFAX,VA,201705216
SQUARE ONE ARMORING SERVICES CO,34259.5,USA,12370 SW 130TH ST,MIAMI,MIAMI-DADE,FL,331866229
CLARKE ELECTRIC LLC,34195.98,USA,4004 AUGUSTA DR,RAPID CITY,PENNINGTON,SD,577036917
XTREME LOGISTIX LLC,34096.8,USA,1300 N SAM HOUSTON PKWY E,HOUSTON,HARRIS,TX,770322974
"OPTUMSERVE HEALTH SERVICES, INC.",34012.18,USA,328 FRONT ST S,LA CROSSE,LA CROSSE,WI,546014023
M. L. BENJAMIN ENTERPRISES INC.,33755.14,USA,90 NORTH ST,MIDDLETOWN,ORANGE,NY,109404973
"HOLMAN PARTS DISTRIBUTION, INC.",33427,USA,9040 BURROUGH DOVER LN,PENNSAUKEN,CAMDEN,NJ,81101033
"VISLINK, LLC",33000,USA,101 BILBY RD STE 15,HACKETTSTOWN,WARREN,NJ,78401753
JFK MOVING LLC,33000,USA,12125 DAY ST,MORENO VALLEY,RIVERSIDE,CA,925576720
AIR SCIENCE USA LLC,32801.92,USA,120 6TH ST,FORT MYERS,LEE,FL,339071554
PROOF RESEARCH INC.,32800,USA,10 WESTERN VILLAGE LN,COLUMBIA FALLS,FLATHEAD,MT,599129090
"SMARTY, LLC",32500,USA,2335 S STATE ST STE 300,PROVO,UTAH,UT,846065512
CALIFORNIA HIGHWAY PATROLMANS CLUB,32499,USA,3910 ALFRED HARRELL HWY,BAKERSFIELD,KERN,CA,93308
"LAKOTA SOFTWARE SOLUTIONS, INC",32339.1,USA,1000 TECHNOLOGY DR STE 2260,FAIRMONT,MARION,WV,265548840
"OUTLOOK-NEBRASKA, INC.",32159,USA,4125 S 72ND ST,OMAHA,DOUGLAS,NE,681271802
MANAGER TOOLS LLC,32000,USA,7438 SPY GLASS DR,MODESTO,STANISLAUS,CA,953569579
COMM-FIT HOLDINGS LLC,31949.54,USA,4651 SUNBELT DR,ADDISON,DALLAS,TX,750015132
SAVE AGAIN.COM,31938,USA,28027 LINDA LN,SANTA CLARITA,LOS ANGELES,CA,913505712
RPT CONSULTING LLC,31919.4,USA,1112 JENSEN DR STE 101,VIRGINIA BEACH,VIRGINIA BEACH (CITY),VA,234515881
TECHFOCUS LLC,31770,USA,7051 SALVIA ST,ARVADA,JEFFERSON,CO,800077077
REALLY RIGHT STUFF LLC,31590,USA,720 S 850 E,LEHI,UTAH,UT,840434192
MARTYS AUTO BODY SERVICES LIMITED,30845.7,USA,500 W 25TH ST,NEW YORK,NEW YORK,NY,100015976
"EUROOPTIC, LIMITED",30616,USA,1203 LYCOMING MALL CIR,MUNCY,LYCOMING,PA,177561810
PLANET TECH INC,30470,USA,42801 HAY RD,ASHBURN,LOUDOUN,VA,201473517
TORO GLOBAL LLC,30233.5,USA,2801 ALTON PKWY,IRVINE,ORANGE,CA,926062178
CARNATION ENTERPRISES LLC,30070,USA,8630 N NATIONAL AVE,NILES,COOK,IL,607142137
"FORENSIC MEDIA SERVICES, LTD.",30000,USA,1020 15TH ST APT 17F,DENVER,DENVER,CO,802022307
"FRANKLIN LEE ENTERPRISES, L.L.C.",29985,USA,2419 IMPERIAL BUSINESS PARK DR,IMPERIAL,IMPERIAL,CA,922514004
"EXPAND INTERNATIONAL OF AMERICA, INC.",29768.63,USA,400 LONG BEACH BLVD STE 1,STRATFORD,GREATER BRIDGEPORT,CT,66157180
IMPERIAL VALLEY RIFLE & PISTOL ASSOCIATION INC,29268,USA,2250 WHEELER RD,IMPERIAL,IMPERIAL,CA,92251
"STRATASYS, INC",29200,USA,7665 C0MMERCE WAY,EDEN PRAIRIE,HENNEPIN,MN,55344
REDISHRED ACQUISITION INC,28800,USA,6067 CORPORATE DR STE 2,EAST SYRACUSE,ONONDAGA,NY,130571082
CITY OF HAVRE DE GRACE,28800,USA,715 PENNINGTON AVE,HAVRE DE GRACE,HARFORD,MD,210783004
CUSTOM COURIER INC,28788,USA,62 LINDEN TER,BURLINGTON,CHITTENDEN,VT,54014928
PINELLAS CORPORATION,28024,USA,2010 CORPORATE RDG STE 200,MC LEAN,FAIRFAX,VA,221027849
RICHARD TASHMAN,27885.04,USA,1109 CONCORD AVE,DREXEL HILL,DELAWARE,PA,190262610
BCS SYSTEMS INC,27536.85,USA,10333 RICHMOND AVE STE 610,HOUSTON,HARRIS,TX,770424172
CENTRAL NETWORK RETAIL GROUP LLC,26940,USA,1927 FIRST AVENUE NORTH,BIRMINGHAM,JEFFERSON,AL,352034050
ADORAMA INC.,26934.88,USA,42 W 18TH ST,NEW YORK,NEW YORK,NY,100114621
DAY MANAGEMENT CORP.,26890,USA,4700 SE INTERNATIONAL WAY,MILWAUKIE,CLACKAMAS,OR,972224657
FAAC INCORPORATED,26690.42,USA,1229 OAK VALLEY DR,ANN ARBOR,WASHTENAW,MI,481089675
"ABBA TECHNOLOGIES, INC.",26687.94,USA,5301 BEVERLY HILLS AVE NE,ALBUQUERQUE,BERNALILLO,NM,871132143
THE MOUNT VERNON LADIES' ASSOCIATION OF THE UNION,26350,USA,3200 MOUNT VERNON MEMORIAL HIGHWAY,MOUNT VERNON,FAIRFAX,VA,221210110
"AMERICAN WORDATA, INC",26294.1,USA,13916 MONROES BUSINESS PARK,TAMPA,HILLSBOROUGH,FL,33635
MYSTERY RANCH LLC,26100.8,USA,1750 EVERGREEN DR,BOZEMAN,GALLATIN,MT,597152459
"PINNACLE LIVE, LLC",26043.05,USA,1500 W SHURE DR STE 100,ARLINGTON HEIGHTS,COOK,IL,600047821
"ESCONDIDO, CITY OF",26000,USA,201 N BROADWAY,ESCONDIDO,SAN DIEGO,CA,920252709
"MASON ARCHITECTS, INC.",25000,USA,119 MERCHANT ST,HONOLULU,HONOLULU,HI,968134452
INTERIOR RESOURCE GROUP INC,24885.88,USA,11838 W COQUINA CT,CRYSTAL RIVER,CITRUS,FL,344299227
"ESCGOV, INC.",24778,USA,8300 GREENSBORO DR. SUITE 1150,MC LEAN,FAIRFAX,VA,221023640
GLOBAL ASSETS INTEGRATED LLC,24748.33,USA,6216 MELL CAVE COURT,LAS VEGAS,CLARK,NV,891312346
"FORCE SCIENCE, LTD.",24650,USA,124 E WALNUT ST STE 120,MANKATO,BLUE EARTH,MN,560016558
"INSEEGO NORTH AMERICA, LLC",24643.3,USA,9605 SCRANTON RD STE 300,SAN DIEGO,SAN DIEGO,CA,921211789
ZDAAS LLC,24507.68,USA,1000 STEWART AVE STE B5,GLEN BURNIE,ANNE ARUNDEL,MD,210613209
QUALITY COAST INC,24170.8,USA,2462 MAIN ST STE H,CHULA VISTA,SAN DIEGO,CA,919114624
"EMERGENCY SERVICES AND PUBLIC PROTECTION, DEPARTMENT OF",24109.2,USA,1111 COUNTRY CLUB RD,MIDDLETOWN,MIDDLESEX,CT,64572389
"LOTUSUSA, INC.",24045.12,USA,445 S FIGUEROA ST,LOS ANGELES,LOS ANGELES,CA,900711602
COUNTY OF IMPERIAL,24000,USA,324 APPLESTILLE RD,EL CENTRO,IMPERIAL,CA,922439661
CONVERGINT TECHNOLOGIES LLC,23983.68,USA,1 COMMERCE DR,SCHAUMBURG,COOK,IL,601735302
THE JANZ CORP,23218.23,USA,"6950 AMERICANA PARKWAY, SUITE F",REYNOLDSBURG,FRANKLIN,OH,430684127
ENCORE GROUP USA LLC,23211.34,USA,5100 RIVER RD,SCHILLER PARK,COOK,IL,601761058
"ADVANCED ENVIRONMENTAL OPTIONS, INC.",22600,USA,25 STAN PERKINS RD,SPARTANBURG,SPARTANBURG,SC,293074311
LEADING AUTHORITIES INC,22500,USA,1725 I ST NW,WASHINGTON,DISTRICT OF COLUMBIA,DC,200062427
WRIGGLESWORTH ENTERPRISES INC,22335.44,USA,3516 S COLLEGE RD,WILMINGTON,NEW HANOVER,NC,284120912
INTERNATIONAL TELEVISION CORPORATION,22192,USA,21000 S WILMINGTON AVE,LONG BEACH,LOS ANGELES,CA,908101232
MONTGOMERY COUNTY FIRE ACADEMY,22000,USA,1175 CONSHOHOCKEN RD,CONSHOHOCKEN,MONTGOMERY,PA,194281028
WOLCOTT GUNS INC,21600,USA,3052 WALDEN AVE,DEPEW,ERIE,NY,140432604
FULTONST1 LLC,21418,USA,9200 ALAKING CT,CAPITOL HEIGHTS,PRINCE GEORGE'S,MD,207435058
WESTWIND TEAM LLP,21400.5,USA,2703 BROADBENT PKWY NE STE B,ALBUQUERQUE,BERNALILLO,NM,871072279
ORION OIL LLC,21243.53,USA,7950 NW 58TH ST,DORAL,MIAMI-DADE,FL,331663430
"LIFE FITNESS SALES, INC.",21200,USA,10601 BELMONT AVENUE,FRANKLIN PARK,COOK,IL,601311545
LC INDUSTRIES INC,21185.98,USA,4500 EMPEROR BLVD,DURHAM,DURHAM,NC,277038420
"TECOLOTE RESEARCH, INC.",21060,USA,420 S FAIRVIEW AVE,GOLETA,SANTA BARBARA,CA,931173654
"COMPLETE PACKAGING AND SHIPPING SUPPLIES, INC.",20948.4,USA,1200 SHAMES DR,WESTBURY,NASSAU,NY,115901766
"ACCURACY 1ST, INC",20758,USA,10581 MENDOTA RD,CANADIAN,HEMPHILL,TX,790145021
"RANGE 54, LLC",20631,USA,5725 E KELLOGG DR,WICHITA,SEDGWICK,KS,672181701
"TORO DEFENSE CONTRACTING, LLC",20500,USA,214 E GOODE ST,QUITMAN,WOOD,TX,757832533
AIRBORNE OUTFITTERS LLC,20449.75,USA,1850 INDUSTRIAL DRIVE,FINDLAY,HANCOCK,OH,458405439
"C. FORBES, INC",20282.26,USA,12830 W CREEK PKWY STE G,RICHMOND,GOOCHLAND,VA,232381126
"SEILEVEL PARTNERS, LP",20081,USA,3575 FAR WEST BLVD STE 26544,AUSTIN,TRAVIS,TX,787313064
"RIVER CITY RANGE, LLC",20065,USA,6020 W BROAD ST,RICHMOND,HENRICO,VA,232302222
"EMERGENT DEVICES, INC.",19900.32,USA,401 PLYMOUTH RD STE 400,PLYMOUTH MEETING,MONTGOMERY,PA,194621645
VICTOR FORWARD LLC,19600,USA,1206 LASKIN RD,VIRGINIA BEACH,VIRGINIA BEACH (CITY),VA,234515263
"SUPPLYSOURCE DC, LLC",19502.23,USA,66 CANAL CENTER PLZ STE 310,ALEXANDRIA,ALEXANDRIA (CITY),VA,223141568
SKOPENOW INC.,19500,USA,12 E 49TH ST,NEW YORK,NEW YORK,NY,100171028
REGENTS OF UNIVERSITY OF MINNESOTA,18867,USA,1300 S 2ND ST WBOB 645,MINNEAPOLIS,HENNEPIN,MN,55455
ENGAGED HEALTHCARE SOLUTIONS LLC,18725.4,USA,3750 HAVERHILL DR,INDIANAPOLIS,MARION,IN,462403680
"ACCO ENGINEERED SYSTEMS, INC.",18461,USA,888 E WALNUT ST,PASADENA,LOS ANGELES,CA,911011895
"CIH EQUIPMENT CO., INC.",18424.2,USA,1806 S HIGHLAND AVE,CLEARWATER,PINELLAS,FL,337561762
SPS INDUSTRIAL INC,18385.08,USA,1121 SE OCEAN BLVD FL 2,STUART,MARTIN,FL,349962517
"POTOMAC RIVER GROUP, LLC",18199.35,USA,19775 BELMONT EXECUTIVE PLZ,ASHBURN,LOUDOUN,VA,201477608
ELLIPTIC INC,18000,USA,1632 1ST AVE # 23346,NEW YORK,NEW YORK,NY,100284305
TRI-STATE CAMERA EXCH. INC.,17959.6,USA,338 8TH AVE,NEW YORK,NEW YORK,NY,100018000
VALORENCE LLC,17931.82,USA,1756 N 8150 W,MENDON,CACHE,UT,843254601
WECSYS LLC,17853.1,USA,8825 XYLON AVE N,BROOKLYN PARK,HENNEPIN,MN,554451812
PELICAN SALES INC,17790.88,USA,2825 BUSINESS CENTER BLVD STE C9,MELBOURNE,BREVARD,FL,329407193
"SOUTH BAY FENCE, INC.",17665,USA,3084 MAIN ST,CHULA VISTA,SAN DIEGO,CA,919115704
CODE 5 GROUP LLC,17650,USA,18344 W SAN JUAN AVE,LITCHFIELD PARK,MARICOPA,AZ,853406216
"LEIDOS SECURITY DETECTION & AUTOMATION, INC.",17500,USA,1 RADCLIFF RD,TEWKSBURY,MIDDLESEX,MA,18761181
"NASSANEY COMPANY, LLC",17449,USA,2116 E BROADWAY ST,ALTUS,JACKSON,OK,735215810
HYATT CORPORATION,17420,USA,1001 GRAND CENTRAL PKWY,CONROE,MONTGOMERY,TX,773043243
"METROTEC, INC.",17225.6,USA,37292 CHARLES TOWN PIKE,HILLSBORO,LOUDOUN,VA,201322900
BREACHING TECHNOLOGIES INC,16845.13,USA,17317 BANDERA RD,HELOTES,BEXAR,TX,780233485
AMERICAN PULVERIZER CO,16730,USA,1319 MACKLIND AVE,SAINT LOUIS,ST. LOUIS (CITY),MO,631101433
SONIAT & WILLOW INC,16440,USA,11339 OXNARD ST APT C,NORTH HOLLYWOOD,LOS ANGELES,CA,916064290
EMERALD CITY MOVING & STORAGE LLC,16438.5,USA,18325 SEGALE PARK DRIVE B,TUKWILA,KING,WA,98188
CITY OF KANSAS CITY,16401.36,USA,414 E 12TH ST FL 3,KANSAS CITY,JACKSON,MO,641062702
PREVOST CAR (US) INC.,16303.04,USA,7900 NATIONAL SERVICE RD,GREENSBORO,GUILFORD,NC,274099416
OLIN CORP,16221.37,USA,600 POWDER MILL RD,EAST ALTON,MADISON,IL,620241273
REGENTS OF THE UNIVERSITY OF MINNESOTA,16120,USA,200 OAK ST SE # 224,MINNEAPOLIS,HENNEPIN,MN,554552009
"RAC GENERAL CONTRACTORS, LLC",16105.5,USA,7130 DESILU DR UNIT C,SAN ANTONIO,BEXAR,TX,782402429
VCLOUD TECH INC,15629.76,USA,609 DEEP VALLEY DR STE 200,ROLLING HILLS ESTATES,LOS ANGELES,CA,902743614
AERICO INC,15284.56,USA,1253 N OLD RAND RD,WAUCONDA,LAKE,IL,600841159
COUNTY OF CLACKAMAS,15260,USA,2051 KAEN RD,OREGON CITY,CLACKAMAS,OR,970451819
WRIGHT LINE LLC,15236.69,USA,160 GOLD STAR BLVD,WORCESTER,WORCESTER,MA,16062709
TEREX CORPORATION,15119.86,USA,150 RIVERSIDE PKWY STE 203,FREDERICKSBURG,STAFFORD,VA,224061094
"MIAMI TRIBAL SYSTEMS INTEGRATORS, LLC",15114.97,USA,1950 ROLAND CLARKE PL,RESTON,FAIRFAX,VA,201911414
"FRANK'S SUPPLY COMPANY, INC",14960,USA,3311 STANFORD DR NE,ALBUQUERQUE,BERNALILLO,NM,871072017
SOUTHERN BALLISTIC RESEARCH LLC,14926.05,USA,140 INDIGO DR,BRUNSWICK,GLYNN,GA,315258458
"MACRO COMPANIES, INC.",14869.5,USA,101 MILLSTONE RD,BROUSSARD,LAFAYETTE,LA,705184234
AZ-TECH FIRE AND SECURITY LLC,14601.6,USA,15608 S BRENTWOOD ST. STE C,CHANNELVIEW,HARRIS,TX,775304054
"ACCURATE PERFORATING CO., INC.",14500,USA,3636 S KEDZIE AVE,CHICAGO,COOK,IL,606322727
PRESIDENT AND FELLOWS OF HARVARD COLLEGE,14475,USA,79 JFK ST,CAMBRIDGE,MIDDLESEX,MA,21385801
"ABSOLUTE STORAGE, LLC",14380.1,USA,5806 E MINERAL ROAD,GUADALUPE,MARICOPA,AZ,852834304
"SBC GLOBAL SERVICES, INC.",14282.41,USA,225 RANDOLPH ST Z1 RM 15D,CHICAGO,COOK,IL,606061838
DSI DISTRIBUTING INC,13996.92,USA,12010 RIDGEMONT DR,URBANDALE,POLK,IA,503232317
"TROPHIES BY EDCO, INC.",13931.8,USA,3702 DAVIE BLVD,FORT LAUDERDALE,BROWARD,FL,333123494
QUANTUM CORPORATION,13908.63,USA,224 AIRPORT PKWY STE 550,SAN JOSE,SANTA CLARA,CA,951101097
"PUBLIC SAFETY & CORRECTIONAL SERVICES, MARYLAND DEPT OF",13383,USA,300 E JOPPA RD STE 1000,TOWSON,BALTIMORE,MD,212863068
IRONCLAD TECHNOLOGY SERVICES LLC,13215.75,USA,200 GOLDEN OAK CT STE 320,VIRGINIA BEACH,VIRGINIA BEACH (CITY),VA,234528502
F C I TECH INC.,13007.94,USA,14 HARRISON AVE,BROOKLYN,KINGS,NY,112118150
"SCREENFEED, INC",12996,USA,4208 PARK GLEN RD,MINNEAPOLIS,HENNEPIN,MN,554164758
BWB AUTOMOTIVE LLLP,12926.97,USA,5801 SPUR 327,LUBBOCK,LUBBOCK,TX,794242703
SMITHMYER ELECTRONICS INC,12915,USA,211 E BELL AVE,ALTOONA,BLAIR,PA,166025201
LIVING GROUP LLC,12697.07,USA,325 W 38TH ST,NEW YORK,NEW YORK,NY,100189660
ENVISION XPRESS INC,12693.75,USA,2301 S WATER,WICHITA,SEDGWICK,KS,672134819
OSS SUPPRESSORS LLC,12650,USA,280 W CENTRAL AVE,MILLCREEK,SALT LAKE,UT,841071420
"A-1 SCALE SERVICE, INC.",12648.96,USA,4807 NW INDUSTRIAL DR,SAN ANTONIO,BEXAR,TX,782381934
"CAPITAL REPORTING COMPANY, LLC",12541.2,USA,290 W MOUNT PLEASANT AVE,LIVINGSTON,ESSEX,NJ,70392762
"NEW LIFE CHINESE LAUNDRY, INC",12311.08,USA,3829 GRANADA AVE,SAN DIEGO,SAN DIEGO,CA,921043514
GEISSELE AUTOMATICS LLC,12224.16,USA,800 E WALNUT ST,NORTH WALES,MONTGOMERY,PA,194542366
"GATOR MOTO UTILITY VEHICLES AND MORE, LLC",12145.55,USA,58 W 9TH ST,ATLANTIC BEACH,DUVAL,FL,322333465
"THE GRACELAND COLLEGE CENTER FOR PROFESSIONAL DEVELOPMENT AND LIFELONG LEARNING, INC",12091,USA,6900 SQUIBB RD,SHAWNEE MISSION,JOHNSON,KS,662023247
MY OWN MEALS INC,11892.8,USA,400 LAKE COOK RD,DEERFIELD,LAKE,IL,600154929
"CHESAPEAKE SYSTEMS INTERNATIONAL, LLC",11880.86,USA,801 W 33RD ST,BALTIMORE,BALTIMORE (CITY),MD,212112708
LAUN-DRY SUPPLY CO INC,11810.25,USA,3800 DURAZNO AVE,EL PASO,EL PASO,TX,799321304
PRYMOL BUSINESS MANAGEMENT INC,11765.25,USA,9701 FULLBRIGHT AVE,CHATSWORTH,LOS ANGELES,CA,913115331
"DIGITAL INTELLIGENCE, INC.",11733.37,USA,17165 W GLENDALE DR,NEW BERLIN,WAUKESHA,WI,531512737
"COPPER RIVER ENTERPRISE SERVICES, LLC",11655.38,USA,721 DEPOT DR,ANCHORAGE,ANCHORAGE,AK,995011615
"925 COLLISION REPAIR, INC.",11595,USA,1410 CONCORD AVE STE C,CONCORD,CONTRA COSTA,CA,945204944
AHT FLORIDA INC.,11284,USA,2708 ALT 19 STE 505,PALM HARBOR,PINELLAS,FL,346832644
"THOMAS SCIENTIFIC, LLC",11266.14,USA,1654 HIGH HILL RD,SWEDESBORO,GLOUCESTER,NJ,80851780
"J'S COMMUNICATIONS, INC",10828,USA,3733 S BAGLEY AVE STE C,FRESNO,FRESNO,CA,937252436
"VICTORY SUPPLY, LLC",10643.08,USA,7025 INDUSTRIAL PARK RD,MOUNT PLEASANT,MAURY,TN,384741074
"ASSET PROTECTION & SECURITY SERVICES, L.P.",10605,USA,5502 BURNHAM DR,CORPUS CHRISTI,NUECES,TX,784133787
LCEO LLC,10559.04,USA,30 MOUNTAINVIEW DR,WATERFORD,SARATOGA,NY,121881713
FEDERAL ACQUISITION SERVICE,10519.05,USA,1800 F ST NW,WASHINGTON,DISTRICT OF COLUMBIA,DC,204050001
SIRINA PROTECTION SYSTEMS CORP,10284,USA,"151 HERRICKS ROAD, SUITE 103",GARDEN CITY PARK,NASSAU,NY,110405200
TEKSOUTH CORPORATION,10245.22,USA,1420 NORTHBROOK DR STE 220,GARDENDALE,JEFFERSON,AL,350713869
"BURLESON CONSTRUCTION, INC.",9999.25,USA,13340 S GESSNER RD,MISSOURI CITY,FORT BEND,TX,774891022
BLUE COURAGE LLC,9999,USA,900 LAKEWOOD PL,AURORA,KANE,IL,605064932
KEOCIA SERVICES LLC,9991,USA,450 CENTURY PKWY STE 250,ALLEN,COLLIN,TX,750138136
"LEXMARK INTERNATIONAL, INC.",9980.52,USA,740 W NEW CIRCLE RD,LEXINGTON,FAYETTE,KY,405501806
NEET AUTOMOTIVE REPAIR INC.,9695.59,USA,2045 ROUTE 9,ROUND LAKE,SARATOGA,NY,121511701
"LYME COMPUTER SYSTEMS, INC.",9624.55,USA,240 MECHANIC ST STE 301,LEBANON,GRAFTON,NH,37662617
TYR TACTICAL LLC,9593.76,USA,9330 N 91ST AVE,PEORIA,MARICOPA,AZ,853458397
"SD SHREDDING, INC.",9351.36,USA,7377 CONVOY CT STE C,SAN DIEGO,SAN DIEGO,CA,921111132
EOLA POWER LLC,9339.4,USA,8782 NW 18TH TER,DORAL,MIAMI-DADE,FL,331722620
THE ARC OF CUMBERLAND AND PERRY COUNTIES,9115.5,USA,71 ASHLAND AVE,CARLISLE,CUMBERLAND,PA,170132601
ABM INDUSTRIES INC,8960,USA,7TH FLOOR,NEW YORK,NEW YORK,NY,100061417
WILLIAMS SCOTSMAN INC,8949.13,USA,901 S BOND ST STE 600,BALTIMORE,BALTIMORE (CITY),MD,212313348
ACEVEDO-GONZALEZ VICTOR MANUEL,8925,USA,201 ORMSBY CT,SOCORRO,EL PASO,TX,799273639
DLK INC,8814.82,USA,3780 PLAINFIELD AVE NE,GRAND RAPIDS,KENT,MI,495252404
"MCGRATH AUTOMOTIVE GROUP, INC",8702.24,USA,1040 N CENTER POINT RD,HIAWATHA,LINN,IA,522331200
"OHBG, INC",8644.32,USA,3200 MAIN ST,KANSAS CITY,JACKSON,MO,641111903
BANNING CONTRACTING SERVICES INC,8211.58,USA,13211 S 65TH EAST PL,BIXBY,TULSA,OK,740083846
WALLY P HERNANDEZ,8080.88,USA,390 MACARTHUR AVE,SAN JOSE,SANTA CLARA,CA,951282128
PITNEY BOWES INC.,8064.29,USA,3001 SUMMER ST,STAMFORD,FAIRFIELD,CT,69264317
"COLT SERVICES, INC",7778.7,USA,9655 VIA EXCELENCIA,SAN DIEGO,SAN DIEGO,CA,921264555
"PROFESSIONAL SHORTHAND REPORTERS, INC",7479.6,USA,601 POYDRAS ST STE 1615,NEW ORLEANS,ORLEANS,LA,701306042
"AD AUTO ENTERPRISES, LLC",7421.04,USA,5417 REDFIELD ST,DALLAS,DALLAS,TX,752357307
STERICYCLE INC,7370,USA,6838 FAIRFIELD BUSINESS CENTER DR,FAIRFIELD,BUTLER,OH,450145476
J & S POWER SOLUTIONS INC,7050,USA,201 E ODGEN AVE STE 14,HINSDALE,DUPAGE,IL,60521
"ORLANDO FREIGHTLINER, INC.",7022.3,USA,2455 S ORANGE BLOSSOM TRL,APOPKA,SEMINOLE,FL,327031873
VERITEXT LLC,6951.9,USA,290 W MOUNT PLEASANT AVE,LIVINGSTON,ESSEX,NJ,70392762
TUTTLE CLICK TUSTIN INC,6725,USA,40 AUTO CENTER DR,TUSTIN,ORANGE,CA,927828401
CENTRAL PARKING CORPORATION,6720,USA,507 MAINSTREAM DR,NASHVILLE,DAVIDSON,TN,372281208
GLENNIE REPORTING SERVICES LLC,6574.68,USA,1555 E ORANGEWOOD AVE,PHOENIX,MARICOPA,AZ,850205130
"CRESSTON CO, L.L.C. THE",6463.7,USA,147 OLD SOLOMONS ISLAND RD STE 302,ANNAPOLIS,ANNE ARUNDEL,MD,214013838
FEDERAL LOCK & SAFE INC,6380.55,USA,5130 WILSON BLVD,ARLINGTON,ARLINGTON,VA,222051169
DATAWATCH CORPORATION,6380,USA,4 CROSBY DR,BEDFORD,MIDDLESEX,MA,17301402
ADVANCED SATELLITE COMMUNICATIONS INC,6314.75,USA,12137 MERRIMAN RD,LIVONIA,WAYNE,MI,481501912
VELOCITY SYSTEMS LLC,6159.17,USA,45064 UNDERWOOD LN,STERLING,LOUDOUN,VA,201662304
PHILIP HENFIELD,6156.91,USA,640 BURNET AVE,SYRACUSE,ONONDAGA,NY,132032404
BURKE COURT REPORTING LLC,6131.43,USA,64 MAGNOLIA PL,WAYNE,PASSAIC,NJ,74705529
"EXECUTIVE INFORMATION SYSTEMS, L.L.C.",6082,USA,6903 ROCKLEDGE DR STE 760,BETHESDA,MONTGOMERY,MD,208171818
SECURITY SOLUTIONS GROUP LLC,6066.69,USA,614 FRELINGHUYSEN AVE,NEWARK,ESSEX,NJ,71141356
WORCESTER COUNTY,6000,USA,1 W MARKET ST RM 1105,SNOW HILL,WORCESTER,MD,218631085
"VETERANS STANDARD AMERICA, INC",6000,USA,709 KESWICK DR,DESOTO,DALLAS,TX,751151753
"HUMAN RESOURCES INSTITUTE, INC",5895,USA,6172 OXON HILL RD,OXON HILL,PRINCE GEORGE'S,MD,207453123
INTEGRAL BLUE LLC,5253.68,USA,1060 CENTRE RD,AUBURN HILLS,OAKLAND,MI,483262600
GPS BAHAMAS LLC,5000,USA,5115 NW 17TH TER,FORT LAUDERDALE,BROWARD,FL,333092749
"SIGNET TECHNOLOGIES, INC.",4969.26,USA,12300 KILN CT STE E,BELTSVILLE,PRINCE GEORGE'S,MD,207051311
A29 FUNDING LLC,4820.2,USA,5055 INTERNATIONAL BLVD,NORTH CHARLESTON,CHARLESTON,SC,294185963
ASHFORD TRS MEMPHIS LLC,4722.48,USA,2795 POPLAR AVE,MEMPHIS,SHELBY,TN,38119
METLANG LLC,4416,USA,1 E BROWARD BLVD STE 300,FORT LAUDERDALE,BROWARD,FL,333011843
"TEAMBONDING, INC.",4400,USA,298 TOSCA DR,STOUGHTON,NORFOLK,MA,20721506
PLANET DEPOS LLC,4286.75,USA,451 HUNGERFORD DR STE 400,ROCKVILLE,MONTGOMERY,MD,208504196
"PREMIUM PARKING SERVICE, L.L.C.",4285.68,USA,1010 COMMON ST STE 2950,NEW ORLEANS,ORLEANS,LA,701122422
AMERITEL COMMUNICATIONS CORP,4056.96,USA,7361 CALHOUN PL,ROCKVILLE,MONTGOMERY,MD,208552784
"OURISMAN DODGE, INC.",3883.67,USA,5900 RICHMOND HWY,ALEXANDRIA,FAIRFAX,VA,223031805
"MARQUIS CONSULTING SERVICES, INC.",3600,USA,2914 INDEPENDENCE DR,FORT WAYNE,ALLEN,IN,468081327
"AVAYA FEDERAL SOLUTIONS, INC",3182.09,USA,12730 FAIR LAKES CIRCLE,FAIRFAX,FAIRFAX,VA,220334901
ALTAIR ENGINEERING INC.,2750,USA,1820 E. BIG BEAVER ROAD,TROY,OAKLAND,MI,480832031
UNISSANT INC.,2500,USA,12901 WORLDGATE DR STE 600,HERNDON,FAIRFAX,VA,201706014
TRANSPERFECT TRANSLATIONS INTERNATIONAL INC,1054.35,USA,1250 BROADWAY FL 7,NEW YORK,NEW YORK,NY,100013749